Altitude_ft,Mach,ThrustFraction,Efficiency,TSFC,ThrustLapse,T3_K,P3_Pa,FAR,mdot_air3,mdot_inlet,BPR
0.000000000000000000e+00,2.000000000000000111e-01,2.999999999999999889e-01,1.259018367935151594e-01,1.257140574351252249e-05,8.054962145143297336e-01,5.842461266768143560e+02,9.681392949511517072e+05,1.526278347175760546e-02,1.875426023934878472e+01,2.136335071194910995e+02,7.378263782873100141e+00
0.000000000000000000e+00,2.000000000000000111e-01,5.500000000000000444e-01,1.375167745052205959e-01,1.150960004609972992e-05,8.054962145143297336e-01,6.502306043631596140e+02,1.411873311468530213e+06,1.894808584781023861e-02,2.535631632564242111e+01,2.695236135060574156e+02,6.817992638369433145e+00
0.000000000000000000e+00,2.000000000000000111e-01,8.000000000000000444e-01,1.385068585785224071e-01,1.142732634635180869e-05,8.054962145143297336e-01,7.028970331990248042e+02,1.853438268633318366e+06,2.198174263376331122e-02,3.156465740600982528e+01,3.128618244980966097e+02,6.290143737474440222e+00
0.000000000000000000e+00,2.000000000000000111e-01,9.000000000000000222e-01,1.378999275731533913e-01,1.147762077935208715e-05,8.054962145143297336e-01,7.215318182932597892e+02,2.030603071381218499e+06,2.307099435676815760e-02,3.398260365880171463e+01,3.279956866526996464e+02,6.098982078427884090e+00
0.000000000000000000e+00,2.000000000000000111e-01,1.000000000000000000e+00,1.368480683431708977e-01,1.156584154491470687e-05,8.054962145143297336e-01,7.389384912929016309e+02,2.208752124553715345e+06,2.413603603670729306e-02,3.636971307918691565e+01,3.421197208462743902e+02,5.918673427327932224e+00
5.000000000000000000e+03,2.000000000000000111e-01,2.999999999999999889e-01,1.282617455955680219e-01,1.212613136651246456e-05,7.406245654870854400e-01,5.738932197412169671e+02,8.522855219786979724e+05,1.533616515147127358e-02,1.655350402912228347e+01,1.877060339821896378e+02,7.340131386829072291e+00
5.000000000000000000e+03,2.000000000000000111e-01,5.500000000000000444e-01,1.382943295885994683e-01,1.124643925037888831e-05,7.406245654870854400e-01,6.419711207251035603e+02,1.262385474073012359e+06,1.900524845139931959e-02,2.271262716214204147e+01,2.374102284850189903e+02,6.688058012419197951e+00
5.000000000000000000e+03,2.000000000000000111e-01,8.000000000000000444e-01,1.383239078513590070e-01,1.124403438674812264e-05,7.406245654870854400e-01,6.957281001896384396e+02,1.668360649195583072e+06,2.207320546567143049e-02,2.843871299147750875e+01,2.757736270971163890e+02,6.132263677173676264e+00
5.000000000000000000e+03,2.000000000000000111e-01,9.000000000000000222e-01,1.372793650815464228e-01,1.132958894052410505e-05,7.406245654870854400e-01,7.145536810359557194e+02,1.832052956030072877e+06,2.319873708609787935e-02,3.067294747691575552e+01,2.891038534814749710e+02,5.932389680434247303e+00
5.000000000000000000e+03,2.000000000000000111e-01,1.000000000000000000e+00,1.359058075196878657e-01,1.144409355843567984e-05,7.406245654870854400e-01,7.320410683285175537e+02,1.994826301410553046e+06,2.431789242361641692e-02,3.284117286328115171e+01,3.015215479660810161e+02,5.752806306984957097e+00
1.000000000000000000e+04,2.000000000000000111e-01,2.999999999999999889e-01,1.299759000254074315e-01,1.175126645166334708e-05,6.769403663857663789e-01,5.640294174603335478e+02,7.489026887150012190e+05,1.542530820469173100e-02,1.457765169970663521e+01,1.640426698156000214e+02,7.276636024109917500e+00
1.000000000000000000e+04,2.000000000000000111e-01,5.500000000000000444e-01,1.389021602861308657e-01,1.099609559957164927e-05,6.769403663857663789e-01,6.330316204831302684e+02,1.121963731941229431e+06,1.907457104735148581e-02,2.022376021973152760e+01,2.079865580589418528e+02,6.564112127264037255e+00
1.000000000000000000e+04,2.000000000000000111e-01,8.000000000000000444e-01,1.377461536832020883e-01,1.108837809733762147e-05,6.769403663857663789e-01,6.881500047411041123e+02,1.495256786546058487e+06,2.218058631359926328e-02,2.550941394046317967e+01,2.416913498002251686e+02,5.968594978455267430e+00
1.000000000000000000e+04,2.000000000000000111e-01,9.000000000000000222e-01,1.363213085708341044e-01,1.120427502865170299e-05,6.769403663857663789e-01,7.071328141235155726e+02,1.644708721834243042e+06,2.335195304977599404e-02,2.754346360511724257e+01,2.533461183845659548e+02,5.765194703240338114e+00
1.000000000000000000e+04,2.000000000000000111e-01,1.000000000000000000e+00,1.344969404461299756e-01,1.135625411572154894e-05,6.769403663857663789e-01,7.253351042567690001e+02,1.796579090712189442e+06,2.449444906602517291e-02,2.957215117537698035e+01,2.641475725640506198e+02,5.569741836473898644e+00
0.000000000000000000e+00,2.999999999999999889e-01,2.999999999999999889e-01,1.619767407317081742e-01,1.465731808500578916e-05,7.351711239236656814e-01,5.931074978352484095e+02,1.021629865197083913e+06,1.549846122648646830e-02,1.965353632780842830e+01,2.335666036656440951e+02,7.740869521671398523e+00
0.000000000000000000e+00,2.999999999999999889e-01,5.500000000000000444e-01,1.807924051430741808e-01,1.313188244494190218e-05,7.351711239236656814e-01,6.571720625563820022e+02,1.466809645734408405e+06,1.906178277013385186e-02,2.624700049793025514e+01,2.851920285422019106e+02,6.991757557508749166e+00
0.000000000000000000e+00,2.999999999999999889e-01,8.000000000000000444e-01,1.851031390784708131e-01,1.282606347518875925e-05,7.351711239236656814e-01,7.074975005428833583e+02,1.901556452458647313e+06,2.197454449001962767e-02,3.234573395701140441e+01,3.255944873244388305e+02,6.403628705859330417e+00
0.000000000000000000e+00,2.999999999999999889e-01,9.000000000000000222e-01,1.852175328730729653e-01,1.281814185973489134e-05,7.351711239236656814e-01,7.253445973489148173e+02,2.074751283517003525e+06,2.302793128150515747e-02,3.470293250093242676e+01,3.397367178813736359e+02,6.200471055358240058e+00
0.000000000000000000e+00,2.999999999999999889e-01,1.000000000000000000e+00,1.846798927621193798e-01,1.285545803481283316e-05,7.351711239236656814e-01,7.419895110354094641e+02,2.248008034061837010e+06,2.405554686971267050e-02,3.701909861544289271e+01,3.529515470323950126e+02,6.012515715956892492e+00
5.000000000000000000e+03,2.999999999999999889e-01,2.999999999999999889e-01,1.655690404051785025e-01,1.409066670239710022e-05,6.785080909057134013e-01,5.828402114076259295e+02,9.003256462607282447e+05,1.556104014763314176e-02,1.736737908012949205e+01,2.042550030284639888e+02,7.650137616152194120e+00
5.000000000000000000e+03,2.999999999999999889e-01,5.500000000000000444e-01,1.827150124650476215e-01,1.276839890225974016e-05,6.785080909057134013e-01,6.485505149918383268e+02,1.309562536231670296e+06,1.912452235057745739e-02,2.347624561125318010e+01,2.503683119342206567e+02,6.843958987730948351e+00
5.000000000000000000e+03,2.999999999999999889e-01,8.000000000000000444e-01,1.856740396431621476e-01,1.256491305445137019e-05,6.785080909057134013e-01,7.001239974750616284e+02,1.710329566532902885e+06,2.206853113036702854e-02,2.912032093260902599e+01,2.862421607769885554e+02,6.229729395935271086e+00
5.000000000000000000e+03,2.999999999999999889e-01,9.000000000000000222e-01,1.851893029490537523e-01,1.259780196498120364e-05,6.785080909057134013e-01,7.181642320609404351e+02,1.870502137507600943e+06,2.315797228249782957e-02,3.130090295077625839e+01,2.987283229899495041e+02,6.019466931367825069e+00
5.000000000000000000e+03,2.999999999999999889e-01,1.000000000000000000e+00,1.841776695556291144e-01,1.266699796025182737e-05,6.785080909057134013e-01,7.349669522248988187e+02,2.029080614809328690e+06,2.424082243408945750e-02,3.340769101033568234e+01,3.103680371313932937e+02,5.833058313547349272e+00
1.000000000000000000e+04,2.999999999999999889e-01,2.999999999999999889e-01,1.687335724892576050e-01,1.357804565173798250e-05,6.221602463779855041e-01,5.727009706918712482e+02,7.904011110614550998e+05,1.561839913920276546e-02,1.528936114096224941e+01,1.776898877313270475e+02,7.547871239676487320e+00
1.000000000000000000e+04,2.999999999999999889e-01,5.500000000000000444e-01,1.842793058442986076e-01,1.243260679620615582e-05,6.221602463779855041e-01,6.394767160904283401e+02,1.163425858600408072e+06,1.918012659341636339e-02,2.089973386172075465e+01,2.185955599665406055e+02,6.692813047761737799e+00
1.000000000000000000e+04,2.999999999999999889e-01,8.000000000000000444e-01,1.856603231044985369e-01,1.234012799250841599e-05,6.221602463779855041e-01,6.922847247656665104e+02,1.531377298596545123e+06,2.217598293700638254e-02,2.609721176046394575e+01,2.501910141751762353e+02,6.051186401487512079e+00
1.000000000000000000e+04,2.999999999999999889e-01,9.000000000000000222e-01,1.846638834659515005e-01,1.240671487699114492e-05,6.221602463779855041e-01,7.105246429797641667e+02,1.677475025732104434e+06,2.331188994279751250e-02,2.807948663392660293e+01,2.611303767684107697e+02,5.839948463235276499e+00
1.000000000000000000e+04,2.999999999999999889e-01,1.000000000000000000e+00,1.830582817724280553e-01,1.251553400401826369e-05,6.221602463779855041e-01,7.279171101090299771e+02,1.824687988844938343e+06,2.442653953157797667e-02,3.003687699659444732e+01,2.712786091546837497e+02,5.642711204644191625e+00
1.500000000000000000e+04,2.999999999999999889e-01,2.999999999999999889e-01,1.712705520681486182e-01,1.312769536491247749e-05,5.623138056028169629e-01,5.614006354186378758e+02,6.865737473195738858e+05,1.565650409149631564e-02,1.332780943265414741e+01,1.533070180117375969e+02,7.460340835049467323e+00
1.500000000000000000e+04,2.999999999999999889e-01,5.500000000000000444e-01,1.851589317755456543e-01,1.214301471158079878e-05,5.623138056028169629e-01,6.294608972563909219e+02,1.023047142691391520e+06,1.919990298645601889e-02,1.843036778128535147e+01,1.891861035237513420e+02,6.549876167874498556e+00
1.500000000000000000e+04,2.999999999999999889e-01,8.000000000000000444e-01,1.852280159187577324e-01,1.213848575432127759e-05,5.623138056028169629e-01,6.828820800636752892e+02,1.356065926166855730e+06,2.221697225857733465e-02,2.315866137704130168e+01,2.167172961009606240e+02,5.882793161868620224e+00
1.500000000000000000e+04,2.999999999999999889e-01,9.000000000000000222e-01,1.836449745019794189e-01,1.224312093825797667e-05,5.623138056028169629e-01,7.015692548318575064e+02,1.488967302526337793e+06,2.338828774274023109e-02,2.496203831209113488e+01,2.261769743652704960e+02,5.664275497675764548e+00
1.500000000000000000e+04,2.999999999999999889e-01,1.000000000000000000e+00,1.809047665741279065e-01,1.242857043023093378e-05,5.623138056028169629e-01,7.201474806970537657e+02,1.624455670128011610e+06,2.463088789269815213e-02,2.673529220275769447e+01,2.347793519629597654e+02,5.458914893781434685e+00
0.000000000000000000e+00,4.000000000000000222e-01,2.999999999999999889e-01,1.873735357062213114e-01,1.689420086160247804e-05,6.777866169220779780e-01,6.026852862840248690e+02,1.081250650179327931e+06,1.565216144453395256e-02,2.067962493849270089e+01,2.572212387824577604e+02,8.148476256680849517e+00
0.000000000000000000e+00,4.000000000000000222e-01,5.500000000000000444e-01,2.133593363102661566e-01,1.483659540338208123e-05,6.777866169220779780e-01,6.648421508255687513e+02,1.528552351271736901e+06,1.911037263119056209e-02,2.727004509746624095e+01,3.046008464844724699e+02,7.215421445583991122e+00
0.000000000000000000e+00,4.000000000000000222e-01,8.000000000000000444e-01,2.215679343785393607e-01,1.428693261616719510e-05,6.777866169220779780e-01,7.129131794543192200e+02,1.959978418648463674e+06,2.191057947307334386e-02,3.331449146672790107e+01,3.421338053140602256e+02,6.553485451329755129e+00
0.000000000000000000e+00,4.000000000000000222e-01,9.000000000000000222e-01,2.225955189492063724e-01,1.422097876593769917e-05,6.777866169220779780e-01,7.301265037626113781e+02,2.130756299707028549e+06,2.294205914803770785e-02,3.562851085687651675e+01,3.553009579782304854e+02,6.334716044499769438e+00
0.000000000000000000e+00,4.000000000000000222e-01,1.000000000000000000e+00,2.228187869660641918e-01,1.420672911594148191e-05,6.777866169220779780e-01,7.461038459131101490e+02,2.300525934391614515e+06,2.394692161431005717e-02,3.788806930379904969e+01,3.676269619951198706e+02,6.136569142669338284e+00
5.000000000000000000e+03,4.000000000000000222e-01,2.999999999999999889e-01,1.926250324896048582e-01,1.614866724525010230e-05,6.281583536207748786e-01,5.922891447987267384e+02,9.527678949608959956e+05,1.568542728201921879e-02,1.828082560270547674e+01,2.239655007062837342e+02,8.010936256721494786e+00
5.000000000000000000e+03,4.000000000000000222e-01,5.500000000000000444e-01,2.165904941168461939e-01,1.436183783348309316e-05,6.281583536207748786e-01,6.559787692070580079e+02,1.363797911776976194e+06,1.918099715113993908e-02,2.437450170619224110e+01,2.664860670972381627e+02,7.041246195273725306e+00
5.000000000000000000e+03,4.000000000000000222e-01,8.000000000000000444e-01,2.230582114292897766e-01,1.394540704351609014e-05,6.281583536207748786e-01,7.054618348131054972e+02,1.762575079886334250e+06,2.202465188957545769e-02,2.998101602022252621e+01,2.999277161767270741e+02,6.357916443728294453e+00
5.000000000000000000e+03,4.000000000000000222e-01,9.000000000000000222e-01,2.234111090728684856e-01,1.392337903736712996e-05,6.281583536207748786e-01,7.228328272197671822e+02,1.920223955535600428e+06,2.309401396170260995e-02,3.211603700984984044e+01,3.115930186960882793e+02,6.135926473413959137e+00
5.000000000000000000e+03,4.000000000000000222e-01,1.000000000000000000e+00,2.230710673725575799e-01,1.394460334734916883e-05,6.281583536207748786e-01,7.390244835936683785e+02,2.076920068654955830e+06,2.413386179572575910e-02,3.419901221208431252e+01,3.224863910916974987e+02,5.935574281412089093e+00
1.000000000000000000e+04,4.000000000000000222e-01,2.999999999999999889e-01,1.971622599675122711e-01,1.549364907609596706e-05,5.771721680214333405e-01,5.817029367736174663e+02,8.348997143220617436e+05,1.573103884952922402e-02,1.606896948997554020e+01,1.938908139681506100e+02,7.874702537718236250e+00
1.000000000000000000e+04,4.000000000000000222e-01,5.500000000000000444e-01,2.192586218048060420e-01,1.393223601353349806e-05,5.771721680214333405e-01,6.465855970961563344e+02,1.210004586479262449e+06,1.922562668144299491e-02,2.167571674925254754e+01,2.317568413342773397e+02,6.864003417817112762e+00
1.000000000000000000e+04,4.000000000000000222e-01,8.000000000000000444e-01,2.238740585696752106e-01,1.364500597569647028e-05,5.771721680214333405e-01,6.972190354685635612e+02,1.575210399844988948e+06,2.213416866203015559e-02,2.682075272166812141e+01,2.612791838589080271e+02,6.165037146551472169e+00
1.000000000000000000e+04,4.000000000000000222e-01,9.000000000000000222e-01,2.236349487484694532e-01,1.365959517545017135e-05,5.771721680214333405e-01,7.148003772338066710e+02,1.719780899875171948e+06,2.322934683559928562e-02,2.878152481846672828e+01,2.715256427660019085e+02,5.938756534340127402e+00
1.000000000000000000e+04,4.000000000000000222e-01,1.000000000000000000e+00,2.225605873545123958e-01,1.372553381215142193e-05,5.771721680214333405e-01,7.314414347175635385e+02,1.863303000156992348e+06,2.433378338908620889e-02,3.067538806368888160e+01,2.810329762244414837e+02,5.738322842238114063e+00
1.500000000000000000e+04,4.000000000000000222e-01,2.999999999999999889e-01,2.010655660815146850e-01,1.490981392354710002e-05,5.240715213582746168e-01,5.702181797856525236e+02,7.250377616118575679e+05,1.577313983792024213e-02,1.400331841058825155e+01,1.666802619638454246e+02,7.754630239353220489e+00
1.500000000000000000e+04,4.000000000000000222e-01,5.500000000000000444e-01,2.212711835660392812e-01,1.354830813662334364e-05,5.240715213582746168e-01,6.362668814021963044e+02,1.064695618049735436e+06,1.923310854627585317e-02,1.913171540135034121e+01,2.000653508357158898e+02,6.691349843613045856e+00
1.500000000000000000e+04,4.000000000000000222e-01,8.000000000000000444e-01,2.241208776270107450e-01,1.337604157385626249e-05,5.240715213582746168e-01,6.878683647377705483e+02,1.395866882669822779e+06,2.219008105356629762e-02,2.381301293063919644e+01,2.258594683550798834e+02,5.976033401400307810e+00
1.500000000000000000e+04,4.000000000000000222e-01,9.000000000000000222e-01,2.231408569909296702e-01,1.343478830875829104e-05,5.240715213582746168e-01,7.057973743181734108e+02,1.526487255545002874e+06,2.334676941699831768e-02,2.557420734542375484e+01,2.347374481677084930e+02,5.750948496207577421e+00
1.500000000000000000e+04,4.000000000000000222e-01,1.000000000000000000e+00,2.208040245646276101e-01,1.357697253308261534e-05,5.240715213582746168e-01,7.235328842743574569e+02,1.659716333067580359e+06,2.454194010669663237e-02,2.731804942685099036e+01,2.428245590331105177e+02,5.537738115002430739e+00
2.000000000000000000e+04,4.000000000000000222e-01,2.999999999999999889e-01,2.083099180242030390e-01,1.411278279113381654e-05,5.158836882455475337e-01,5.671198681642373458e+02,6.600462147975852713e+05,1.624571772919455176e-02,1.266811170756974647e+01,1.461301653331436512e+02,7.484233039444356805e+00
2.000000000000000000e+04,4.000000000000000222e-01,5.500000000000000444e-01,2.225404041497403840e-01,1.321033201834372371e-05,4.679255662103279367e-01,6.247602838568731158e+02,9.256680825400846079e+05,1.917548444973339941e-02,1.670597900964531490e+01,1.710804936574969020e+02,6.532049421263415923e+00
2.000000000000000000e+04,4.000000000000000222e-01,8.000000000000000444e-01,2.237744971824264795e-01,1.313747841389558947e-05,4.679255662103223301e-01,6.766455062345064562e+02,1.220342319741200656e+06,2.218882502851696886e-02,2.088380121322439109e+01,1.933264743781989239e+02,5.808734159814492592e+00
2.000000000000000000e+04,4.000000000000000222e-01,9.000000000000000222e-01,2.217310020532493042e-01,1.325855473114427237e-05,4.679255662102606017e-01,6.954720110530621469e+02,1.339121555501399795e+06,2.340014915105011195e-02,2.248339669948552455e+01,2.008587406506505033e+02,5.570726791162396552e+00
2.000000000000000000e+04,4.000000000000000222e-01,1.000000000000000000e+00,2.176977529551843982e-01,1.350419371080815802e-05,4.679255662101939883e-01,7.148899446902576074e+02,1.460780251293747686e+06,2.476901884265333975e-02,2.403818699357648825e+01,2.075269854782453365e+02,5.349762269919049906e+00
0.000000000000000000e+00,5.000000000000000000e-01,2.999999999999999889e-01,2.040390716840896068e-01,1.939289202211402454e-05,6.308044534500141243e-01,6.142230286028100181e+02,1.153065150441726437e+06,1.577404337241981175e-02,2.192202321779778273e+01,2.840569714639011636e+02,8.530362427895886057e+00
0.000000000000000000e+00,5.000000000000000000e-01,5.500000000000000444e-01,2.381067311273361853e-01,1.661821010572705931e-05,6.308044534499609446e-01,6.732859399375798830e+02,1.598553970809409395e+06,1.909438480266158200e-02,2.845123313942001175e+01,3.274446651865317790e+02,7.464892016855301016e+00
0.000000000000000000e+00,5.000000000000000000e-01,8.000000000000000444e-01,2.502753373749843635e-01,1.581021816597673188e-05,6.308044534499749334e-01,7.192637040839450719e+02,2.029645057568630204e+06,2.180219371777333479e-02,3.448160603869784069e+01,3.621862148689522201e+02,6.725543258115756373e+00
0.000000000000000000e+00,5.000000000000000000e-01,9.000000000000000222e-01,2.523176846881121649e-01,1.568224474773948366e-05,6.308044534499546163e-01,7.358786884645470536e+02,2.199462925854611211e+06,2.281212094807452337e-02,3.677434120857498812e+01,3.744083409438590024e+02,6.488334080016128880e+00
0.000000000000000000e+00,5.000000000000000000e-01,1.000000000000000000e+00,2.533947901202612818e-01,1.561558421774963588e-05,6.308044534500177880e-01,7.512548118453213419e+02,2.366516627858572174e+06,2.381078938976157258e-02,3.898021886069577846e+01,3.858621571059803159e+02,6.280689536346109492e+00
1.000000000000000000e+04,5.000000000000000000e-01,2.999999999999999889e-01,2.172030807153315923e-01,1.758010784726299846e-05,5.401900846394902533e-01,5.919568835873226362e+02,8.862446828782906523e+05,1.581713525363716288e-02,1.697175089981176654e+01,2.123111422204468397e+02,8.200909003169087441e+00
1.000000000000000000e+04,5.000000000000000000e-01,5.500000000000000444e-01,2.463970503406301971e-01,1.549715622997312563e-05,5.401900846394703803e-01,6.544545814777470696e+02,1.262974507981739938e+06,1.922067798195343721e-02,2.257135781539313868e+01,2.472809090575976825e+02,7.057818868959486736e+00
1.000000000000000000e+04,5.000000000000000000e-01,8.000000000000000444e-01,2.545755527129816009e-01,1.499929409183439137e-05,5.401900846397410527e-01,7.029625173327624452e+02,1.627487000622469233e+06,2.205521047403473725e-02,2.769244413627438206e+01,2.747845768502582473e+02,6.298198347052180068e+00
1.000000000000000000e+04,5.000000000000000000e-01,9.000000000000000222e-01,2.552056231591929847e-01,1.496226272942039483e-05,5.401900846394395161e-01,7.200502094921341723e+02,1.771369114714737749e+06,2.312640033489225463e-02,2.963762741415947843e+01,2.843507969825173518e+02,6.056601836591849697e+00
1.000000000000000000e+04,5.000000000000000000e-01,1.000000000000000000e+00,2.548895463059632216e-01,1.498081674620629675e-05,5.401900846394556144e-01,7.358751617701605028e+02,1.912359435595688876e+06,2.421699023236208170e-02,3.148669025788287001e+01,2.932411474823196045e+02,5.849872628254766838e+00
1.500000000000000000e+04,5.000000000000000000e-01,2.999999999999999889e-01,2.227743074914539101e-01,1.682111713456371004e-05,4.929613581958673940e-01,5.801926035636108736e+02,7.694312746199190151e+05,1.584869563983862945e-02,1.478973938236221741e+01,1.819185533783678750e+02,8.046926673145364362e+00
1.500000000000000000e+04,5.000000000000000000e-01,5.500000000000000444e-01,2.495897467400413905e-01,1.501388887095610455e-05,4.929613581958673940e-01,6.441399603464371921e+02,1.111995734135484323e+06,1.924558734689139558e-02,1.992978775026498539e+01,2.129004193172412727e+02,6.857030533246838644e+00
1.500000000000000000e+04,5.000000000000000000e-01,8.000000000000000444e-01,2.556589797862125479e-01,1.465746567563808088e-05,4.929613581958673940e-01,6.937688336698829517e+02,1.443683545507114381e+06,2.213729811606936215e-02,2.460380157859070849e+01,2.370167449618718649e+02,6.085351679050800655e+00
1.500000000000000000e+04,5.000000000000000000e-01,9.000000000000000222e-01,2.554868557055109402e-01,1.466734055862518158e-05,4.929613581958673940e-01,7.109126248791284297e+02,1.572832771265883232e+06,2.328455864074941914e-02,2.633321174153561373e+01,2.453319653970874299e+02,5.852276899326147586e+00
1.500000000000000000e+04,5.000000000000000000e-01,1.000000000000000000e+00,2.540614339700435487e-01,1.474963225361825887e-05,4.929613581958673940e-01,7.276758228205002297e+02,1.703409640100050252e+06,2.443299793693264055e-02,2.804028285999154591e+01,2.529776584075382573e+02,5.635663823640670422e+00
2.000000000000000000e+04,5.000000000000000000e-01,2.999999999999999889e-01,2.273206677873993997e-01,1.616566948646269231e-05,4.419185451640966211e-01,5.672073293053585985e+02,6.602720941778077977e+05,1.583311065422976505e-02,1.275428182781963216e+01,1.545502853468973115e+02,7.912476538325056374e+00
2.000000000000000000e+04,5.000000000000000000e-01,5.500000000000000444e-01,2.519908499338098795e-01,1.458303261351885554e-05,4.419185451640966211e-01,6.322650005353907545e+02,9.673002358707959065e+05,1.917603354968950777e-02,1.741642692912535395e+01,1.816289704959313269e+02,6.670270090350727266e+00
2.000000000000000000e+04,5.000000000000000000e-01,8.000000000000000444e-01,2.559905745645476571e-01,1.435518002623370441e-05,4.419185451640966211e-01,6.823907801316668156e+02,1.262069665849999990e+06,2.217175483614742745e-02,2.156780105539169767e+01,2.024667712394947330e+02,5.904504005552920987e+00
2.000000000000000000e+04,5.000000000000000000e-01,9.000000000000000222e-01,2.548721988945553130e-01,1.441817035687522804e-05,4.419185451640966211e-01,7.003008411252959604e+02,1.379434392881636741e+06,2.334589504455367517e-02,2.314458722035143978e+01,2.095806257907631789e+02,5.660184969854660686e+00
2.000000000000000000e+04,5.000000000000000000e-01,1.000000000000000000e+00,2.514949555335683762e-01,1.461178724279656726e-05,4.419185451640966211e-01,7.185305914171797212e+02,1.498380029847906902e+06,2.467346878378248384e-02,2.465928247517388527e+01,2.159080951002693780e+02,5.439810499589323278e+00
2.500000000000000000e+04,5.000000000000000000e-01,2.999999999999999889e-01,2.360306073038006824e-01,1.525568466311547034e-05,4.350080536661349306e-01,5.643979188272675174e+02,5.996691101726125926e+05,1.629614955563982517e-02,1.151145798947783128e+01,1.338574788565072708e+02,7.552575283318325283e+00
2.500000000000000000e+04,5.000000000000000000e-01,5.500000000000000444e-01,2.536862004241596247e-01,1.419394712778985666e-05,3.935334400385057108e-01,6.202549779278556343e+02,8.364770185387183446e+05,1.913886231372542712e-02,1.512503804175016597e+01,1.539174714875033487e+02,6.484728341793439377e+00
2.500000000000000000e+04,5.000000000000000000e-01,8.000000000000000444e-01,2.554770257642119402e-01,1.409445137033075609e-05,3.935334400385134268e-01,6.712238415225805284e+02,1.098991348125485936e+06,2.220083351758128307e-02,1.883283074907987142e+01,1.717566893289421728e+02,5.707839375294727624e+00
2.500000000000000000e+04,5.000000000000000000e-01,9.000000000000000222e-01,2.522301273188214399e-01,1.427588589097829789e-05,3.935334400385258613e-01,6.906084333076305484e+02,1.205147539559550118e+06,2.355657157513718278e-02,2.022461272926413045e+01,1.776067956868619717e+02,5.458980334979558258e+00
2.500000000000000000e+04,5.000000000000000000e-01,1.000000000000000000e+00,2.473947542093044571e-01,1.455491054116699105e-05,3.935334400384827291e-01,7.115731107573028567e+02,1.319604282814431470e+06,2.485614607832520653e-02,2.171313182135497399e+01,1.830368813747592469e+02,5.200129151959090201e+00
0.000000000000000000e+00,5.999999999999999778e-01,2.999999999999999889e-01,2.155164636225170849e-01,2.203214150205747915e-05,5.923573445120485781e-01,6.264726084010018212e+02,1.232792926301581319e+06,1.581876250937101075e-02,2.332138388052072031e+01,3.136786003300950370e+02,8.892707567310464967e+00
0.000000000000000000e+00,5.999999999999999778e-01,5.500000000000000444e-01,2.557784213384702299e-01,1.856407275370166389e-05,5.923573445120485781e-01,6.834191220811466110e+02,1.682542105633586878e+06,1.908739216537799072e-02,2.985645299891125148e+01,3.531849781130970314e+02,7.700588116074081668e+00
0.000000000000000000e+00,5.999999999999999778e-01,8.000000000000000444e-01,2.725916821343871144e-01,1.741905396883468797e-05,5.923573445120485781e-01,7.272103382998684538e+02,2.110639214093654882e+06,2.171735889540420128e-02,3.581429445938891121e+01,3.853580410991052645e+02,6.913937630189209926e+00
0.000000000000000000e+00,5.999999999999999778e-01,9.000000000000000222e-01,2.760403329366606373e-01,1.720143274730743025e-05,5.923573445120485781e-01,7.426314787290314143e+02,2.281064216465894133e+06,2.265827558065151501e-02,3.813547260066038547e+01,3.967410689287092396e+02,6.651782624249131359e+00
0.000000000000000000e+00,5.999999999999999778e-01,1.000000000000000000e+00,2.780174732898206269e-01,1.707910357707784682e-05,5.923573445120485781e-01,7.574484511209851689e+02,2.446997620582533069e+06,2.364689742612522891e-02,4.031250274390043131e+01,4.073557524281404767e+02,6.432222274939497275e+00
1.000000000000000000e+04,5.999999999999999778e-01,2.999999999999999889e-01,2.311360649406488665e-01,1.982444540472973269e-05,5.095751549612962394e-01,6.033108884231321554e+02,9.444558917259402806e+05,1.586377453949345748e-02,1.800068768046607559e+01,2.326504538997890279e+02,8.506034912982368468e+00
1.000000000000000000e+04,5.999999999999999778e-01,5.500000000000000444e-01,2.674732923966895437e-01,1.713122181067776835e-05,5.095751549612962394e-01,6.631184782230692463e+02,1.322573720798548544e+06,1.918091986244490135e-02,2.358603405549685661e+01,2.648984506352975927e+02,7.260552476801876765e+00
1.000000000000000000e+04,5.999999999999999778e-01,8.000000000000000444e-01,2.793678027380352424e-01,1.640183391060516164e-05,5.095751549612962394e-01,7.094877941136466006e+02,1.688350172796322033e+06,2.194085411039745429e-02,2.871456158755305665e+01,2.904680683301108957e+02,6.440134802838655581e+00
1.000000000000000000e+04,5.999999999999999778e-01,9.000000000000000222e-01,2.809202895068354522e-01,1.631119029716244446e-05,5.095751549612962394e-01,7.260877069986327115e+02,1.831907955383348744e+06,2.300141804706218318e-02,3.064410039028836152e+01,2.993717086163104000e+02,6.185359093639277717e+00
1.000000000000000000e+04,5.999999999999999778e-01,1.000000000000000000e+00,2.814848671366573796e-01,1.627847474392073206e-05,5.095751549612962394e-01,7.413050140856772714e+02,1.971616377062759595e+06,2.407380272082486339e-02,3.246701303003182204e+01,3.077040661181386554e+02,5.970685638384161109e+00
1.500000000000000000e+04,5.999999999999999778e-01,2.999999999999999889e-01,2.382095009318398460e-01,1.887739677666659888e-05,4.668529389089510762e-01,5.911886647808304360e+02,8.195198217381979339e+05,1.588624255278289765e-02,1.568149074426791145e+01,1.986946313728072084e+02,8.319301973274134454e+00
1.500000000000000000e+04,5.999999999999999778e-01,5.500000000000000444e-01,2.719061012786762599e-01,1.653797117429642991e-05,4.668529389089510762e-01,6.526311842392196922e+02,1.164190418740489054e+06,1.922014981180495199e-02,2.081772790819649543e+01,2.274008711542065271e+02,7.034213969070852279e+00
1.500000000000000000e+04,5.999999999999999778e-01,8.000000000000000444e-01,2.813839588050134899e-01,1.598092259473162573e-05,4.668529389089510762e-01,7.002127043820734116e+02,1.497446829757007770e+06,2.205528110079680443e-02,2.549907417369919926e+01,2.498887709397875483e+02,6.207869687637895595e+00
1.500000000000000000e+04,5.999999999999999778e-01,9.000000000000000222e-01,2.821568007993509597e-01,1.593715002552728642e-05,4.668529389089510762e-01,7.167627371990935217e+02,1.625914517390203662e+06,2.318959838219624564e-02,2.720853255064868392e+01,2.576953061771837383e+02,5.966040359023001116e+00
1.500000000000000000e+04,5.999999999999999778e-01,1.000000000000000000e+00,2.818003908602446095e-01,1.595730669973482261e-05,4.668529389089510762e-01,7.325369494307861942e+02,1.754241142911380157e+06,2.430504430680207467e-02,2.888074230319776348e+01,2.650695743342043897e+02,5.750502879235696696e+00
2.000000000000000000e+04,5.999999999999999778e-01,2.999999999999999889e-01,2.441085260417426850e-01,1.806470675554214351e-05,4.216972102630828778e-01,5.783595689990823985e+02,7.048106495727790752e+05,1.589608832940433980e-02,1.354651900290054378e+01,1.684437029294541048e+02,8.145588718988831189e+00
2.000000000000000000e+04,5.999999999999999778e-01,5.500000000000000444e-01,2.754854686330156510e-01,1.600719254395988948e-05,4.216972102630828778e-01,6.410377273605402024e+02,1.015259265584331821e+06,1.919336666000109534e-02,1.822604782912666010e+01,1.936967729421456852e+02,6.816538606783439036e+00
2.000000000000000000e+04,5.999999999999999778e-01,8.000000000000000444e-01,2.825652803338703500e-01,1.560612448302664548e-05,4.216972102630828778e-01,6.893250604365861136e+02,1.312926941913109738e+06,2.214568176112767170e-02,2.240071115914113875e+01,2.132330069957193359e+02,6.001276391630830709e+00
2.000000000000000000e+04,5.999999999999999778e-01,9.000000000000000222e-01,2.824285061707215716e-01,1.561368219965058866e-05,4.216972102630828778e-01,7.063360550690007358e+02,1.429242346637071576e+06,2.331287264709037271e-02,2.395068069243678721e+01,2.200773339742238193e+02,5.758371381047572513e+00
2.000000000000000000e+04,5.999999999999999778e-01,1.000000000000000000e+00,2.803983751247396405e-01,1.572672786534500360e-05,4.216972102630828778e-01,7.232517350412937276e+02,1.546500128645499004e+06,2.454944751081288012e-02,2.545437607286659443e+01,2.264282473313637070e+02,5.542635808570205214e+00
2.500000000000000000e+04,5.999999999999999778e-01,2.999999999999999889e-01,2.490947417217684035e-01,1.734669382893239050e-05,3.764609302150508374e-01,5.652269394095535517e+02,6.017701255089342594e+05,1.588092002620270990e-02,1.162377780011323658e+01,1.417451607288537616e+02,7.969031285754740068e+00
2.500000000000000000e+04,5.999999999999999778e-01,5.500000000000000444e-01,2.781547020101966528e-01,1.553441371947797834e-05,3.764609302150508374e-01,6.285591951077460635e+02,8.776859199090589536e+05,1.914908835282494448e-02,1.582684845834163845e+01,1.636955676069653407e+02,6.607239225055423049e+00
2.500000000000000000e+04,5.999999999999999778e-01,8.000000000000000444e-01,2.828819503488991249e-01,1.527481768884560195e-05,3.764609302150508374e-01,6.775900354787363540e+02,1.141469217491542920e+06,2.219840780693419988e-02,1.952671497675315848e+01,1.805586354959267226e+02,5.801014089647976490e+00
2.500000000000000000e+04,5.999999999999999778e-01,9.000000000000000222e-01,2.810620463237540334e-01,1.537372361570014947e-05,3.764609302150508374e-01,6.957012799883360685e+02,1.246282055941975676e+06,2.347752995258421682e-02,2.090519220444273785e+01,1.864070112690710346e+02,5.558321097642206610e+00
2.500000000000000000e+04,5.999999999999999778e-01,1.000000000000000000e+00,2.777474012457618047e-01,1.555719405353191067e-05,3.764609302150508374e-01,7.139537936821756148e+02,1.352598336195477750e+06,2.479370338185552664e-02,2.225742188759591400e+01,1.919889710164797805e+02,5.344333739440161324e+00
3.000000000000000000e+04,5.999999999999999778e-01,2.999999999999999889e-01,2.532791556184266768e-01,1.670223815427118952e-05,3.323650587828357317e-01,5.514722875168419023e+02,5.091955140992603847e+05,1.587232864465220120e-02,9.886344029709094983e+00,1.183358448934734639e+02,7.803699178348310284e+00
3.000000000000000000e+04,5.999999999999999778e-01,5.500000000000000444e-01,2.798899475486764654e-01,1.511425763483687842e-05,3.323650587828357317e-01,6.153240199909284911e+02,7.518068621623053914e+05,1.911469532820747608e-02,1.361954408968582619e+01,1.371968464638719922e+02,6.409111945885744177e+00
3.000000000000000000e+04,5.999999999999999778e-01,8.000000000000000444e-01,2.817671583762508258e-01,1.501356226548876632e-05,3.323650587828357317e-01,6.656177814903675198e+02,9.842677554532778449e+05,2.228930627619646679e-02,1.687553788569853808e+01,1.516003043155122896e+02,5.607345950413100688e+00
3.000000000000000000e+04,5.999999999999999778e-01,9.000000000000000222e-01,2.784145021093811789e-01,1.519435498007823229e-05,3.323650587828357317e-01,6.851159332277989051e+02,1.078577820680985926e+06,2.365035598882204645e-02,1.810787698277926339e+01,1.566609419822084135e+02,5.363232558044992437e+00
3.000000000000000000e+04,5.999999999999999778e-01,1.000000000000000000e+00,2.720156656527839001e-01,1.555178363165122469e-05,3.323650587828357317e-01,7.084439648217502281e+02,1.187000202908867504e+06,2.493830994225792325e-02,1.952961252964785999e+01,1.612224431388572157e+02,5.071786172462931397e+00
0.000000000000000000e+00,6.999999999999999556e-01,2.999999999999999889e-01,2.223185583593081660e-01,2.491771627402138319e-05,5.607516111141526149e-01,6.399913900091515870e+02,1.324267146812202409e+06,1.584725521268580059e-02,2.492361581820430771e+01,3.454920875896565917e+02,9.195573387205865146e+00
0.000000000000000000e+00,6.999999999999999556e-01,5.500000000000000444e-01,2.688205985723259861e-01,2.060731502372673056e-05,5.607516111141526149e-01,6.943296933600752254e+02,1.777202505799253006e+06,1.904095795253862508e-02,3.145074337154242627e+01,3.815344800187018564e+02,7.922518863698021718e+00
0.000000000000000000e+00,6.999999999999999556e-01,8.000000000000000444e-01,2.900538544926858919e-01,1.909876622510594919e-05,5.607516111141526149e-01,7.361444640858007915e+02,2.203837493471568450e+06,2.161560872967653590e-02,3.734766362142060103e+01,4.112971845018683439e+02,7.099848494623502759e+00
0.000000000000000000e+00,6.999999999999999556e-01,9.000000000000000222e-01,2.946515391448077392e-01,1.880075283409333992e-05,5.607516111141526149e-01,7.510017740541451303e+02,2.373874005975854583e+06,2.255021991439006696e-02,3.964629209923594289e+01,4.218500100436983189e+02,6.826004351038704066e+00
0.000000000000000000e+00,6.999999999999999556e-01,1.000000000000000000e+00,2.979720499967463687e-01,1.859124290250442757e-05,5.607516111141526149e-01,7.647428228635429832e+02,2.541815909906603862e+06,2.345359519255635697e-02,4.188269387945524613e+01,4.319339648164151981e+02,6.585205405347803520e+00
1.000000000000000000e+04,6.999999999999999556e-01,2.999999999999999889e-01,2.412771040245680065e-01,2.215641239080140795e-05,4.848684958718496030e-01,6.153097904871214041e+02,1.009045715844461927e+06,1.585529442171720871e-02,1.915293918943353546e+01,2.547105739808779390e+02,8.781290159508243320e+00
1.000000000000000000e+04,6.999999999999999556e-01,5.500000000000000444e-01,2.831867803464038214e-01,1.887741726745651428e-05,4.848684958718496030e-01,6.731628306772747692e+02,1.392877124627627665e+06,1.914624314238644667e-02,2.477483332315800268e+01,2.843532796769081870e+02,7.441742446650018827e+00
1.000000000000000000e+04,6.999999999999999556e-01,8.000000000000000444e-01,2.995211630957149707e-01,1.784793756132118221e-05,4.848684958718496030e-01,7.171617856568277602e+02,1.759440001573448768e+06,2.181382581416594149e-02,2.990440942985334871e+01,3.083481355874405381e+02,6.583866759555650816e+00
1.000000000000000000e+04,6.999999999999999556e-01,9.000000000000000222e-01,3.022590124292224845e-01,1.768627169877493182e-05,4.848684958718496030e-01,7.328777795588385970e+02,1.901830942620444810e+06,2.286536343503776589e-02,3.180458540029616188e+01,3.169538385682719763e+02,6.329778905711858528e+00
1.000000000000000000e+04,6.999999999999999556e-01,1.000000000000000000e+00,3.037221262527671772e-01,1.760107201665527321e-05,4.848684958718496030e-01,7.477410185109823715e+02,2.042518847527431557e+06,2.390386122670838664e-02,3.364031913404813423e+01,3.251208313932401666e+02,6.108357920309106959e+00
2.000000000000000000e+04,6.999999999999999556e-01,2.999999999999999889e-01,2.569345282745531533e-01,2.002341659020942280e-05,4.052866928853768869e-01,5.900130563762776319e+02,7.537663622010103427e+05,1.590172754780587797e-02,1.442588790193991244e+01,1.834833027236100520e+02,8.354888021960089617e+00
2.000000000000000000e+04,6.999999999999999556e-01,5.500000000000000444e-01,2.943810723002248664e-01,1.747635150538308233e-05,4.052866928853768869e-01,6.504575170118333745e+02,1.068551585089765256e+06,1.918992251324144055e-02,1.912791617955364387e+01,2.069948327303154088e+02,6.959328726819677513e+00
2.000000000000000000e+04,6.999999999999999556e-01,8.000000000000000444e-01,3.049598907520116864e-01,1.687011063443064244e-05,4.052866928853768869e-01,6.967965870229145366e+02,1.369826580260775052e+06,2.208089301052578585e-02,2.334095965046235577e+01,2.259102390477983988e+02,6.118718257089881263e+00
2.000000000000000000e+04,6.999999999999999556e-01,9.000000000000000222e-01,3.057304410789984939e-01,1.682759190708446614e-05,4.052866928853768869e-01,7.129857567649206658e+02,1.485291704050729284e+06,2.326497420429391935e-02,2.485932481454211640e+01,2.326536558687022307e+02,5.883433958216460979e+00
2.000000000000000000e+04,6.999999999999999556e-01,1.000000000000000000e+00,3.052983283883108911e-01,1.685140931890963996e-05,4.052866928853768869e-01,7.287530748489261896e+02,1.601818837247384945e+06,2.440476928111169272e-02,2.636871367942294597e+01,2.391813611417006484e+02,5.671492254244651754e+00
2.500000000000000000e+04,6.999999999999999556e-01,2.999999999999999889e-01,2.632843685688490143e-01,1.914709919780268016e-05,3.632229530380302052e-01,5.765276042759626307e+02,6.434904830799238989e+05,1.588095635867214916e-02,1.237901114236443867e+01,1.540289269142124056e+02,8.151682265067465849e+00
2.500000000000000000e+04,6.999999999999999556e-01,5.500000000000000444e-01,2.981256203069867494e-01,1.690942199810812271e-05,3.632229530380302052e-01,6.378282554214982838e+02,9.239324276883030543e+05,1.916322382586346795e-02,1.660967918429350121e+01,1.745850789487358838e+02,6.730907502004819243e+00
2.500000000000000000e+04,6.999999999999999556e-01,8.000000000000000444e-01,3.060946880038093454e-01,1.646919113524718744e-05,3.632229530380302052e-01,6.847175910204080083e+02,1.189870203737904551e+06,2.219650140073533770e-02,2.031496574451156434e+01,1.911255756467998879e+02,5.919700692568456546e+00
2.500000000000000000e+04,6.999999999999999556e-01,9.000000000000000222e-01,3.058898137375093418e-01,1.648022162171276358e-05,3.632229530380302052e-01,7.017070686242265083e+02,1.294818101347174728e+06,2.338516605401282089e-02,2.170718278019231917e+01,1.971177625951172558e+02,5.678930056939973881e+00
2.500000000000000000e+04,6.999999999999999556e-01,1.000000000000000000e+00,3.033316409737595309e-01,1.661920894910758019e-05,3.632229530380302052e-01,7.190615637763311270e+02,1.401513671831984306e+06,2.465965238733998366e-02,2.306544094815182433e+01,2.027665410734157376e+02,5.465753280027046301e+00
3.000000000000000000e+04,6.999999999999999556e-01,2.999999999999999889e-01,2.688676853057169747e-01,1.835617979582966134e-05,3.231076329394793611e-01,5.627952794057772508e+02,5.455443982230190886e+05,1.590098864736438911e-02,1.054366811186794628e+01,1.283748190438179790e+02,7.955146913689635113e+00
3.000000000000000000e+04,6.999999999999999556e-01,5.500000000000000444e-01,3.010983425859972140e-01,1.639126781759247045e-05,3.231076329394793611e-01,6.246048622580366327e+02,7.933507992360499920e+05,1.916588481700957913e-02,1.432051573698164759e+01,1.462443327152880670e+02,6.511124903124999364e+00
3.000000000000000000e+04,6.999999999999999556e-01,8.000000000000000444e-01,3.062428032964502611e-01,1.611591691179342357e-05,3.231076329394793611e-01,6.728079781497763179e+02,1.029079404654922429e+06,2.229178105977008134e-02,1.760810156345527488e+01,1.606469115679803679e+02,5.710338734868658506e+00
3.000000000000000000e+04,6.999999999999999556e-01,9.000000000000000222e-01,3.038037629094462733e-01,1.624530099790555301e-05,3.231076329394793611e-01,6.913938241215774951e+02,1.124254093560101697e+06,2.361244358869980450e-02,1.885131432010692620e+01,1.658159500762918128e+02,5.469478389315356459e+00
3.000000000000000000e+04,6.999999999999999556e-01,1.000000000000000000e+00,2.996002390990697983e-01,1.647322975309204954e-05,3.231076329394793611e-01,7.112448502913659922e+02,1.225828441414100118e+06,2.486488568344318376e-02,2.016993903716052117e+01,1.707075854773395065e+02,5.224906486852166410e+00
3.250000000000000000e+04,6.999999999999999556e-01,2.999999999999999889e-01,2.859282635272046846e-01,1.707300078208371177e-05,3.817116578400926441e-01,5.772865506300955758e+02,5.732531092471750453e+05,1.699759561373778705e-02,1.083787468814021082e+01,1.224910789633392341e+02,7.312754075599112724e+00
3.250000000000000000e+04,6.999999999999999556e-01,5.500000000000000444e-01,3.060396399917399979e-01,1.595104956649262405e-05,3.817116578400830962e-01,6.464211385106322041e+02,8.584278013702858007e+05,2.098703284113863018e-02,1.503493015913371345e+01,1.412733087989040826e+02,5.911038296746481180e+00
3.250000000000000000e+04,6.999999999999999556e-01,8.000000000000000444e-01,2.956082255328491004e-01,1.651392973933783482e-05,3.817116578400873705e-01,7.106888550245579381e+02,1.154016972860538634e+06,2.507705485486853500e-02,1.894804435283997535e+01,1.562371929567871689e+02,5.064634505154782751e+00
3.250000000000000000e+04,6.999999999999999556e-01,9.000000000000000222e-01,2.819474851755834344e-01,1.731405216747984647e-05,3.817116578400889804e-01,7.470534656895198395e+02,1.291054620953668375e+06,2.728517180799226727e-02,2.054069061997448387e+01,1.605977162151145308e+02,4.750543874695649649e+00
3.250000000000000000e+04,6.999999999999999556e-01,1.000000000000000000e+00,2.715736678758419731e-01,1.797543003709621732e-05,3.817116578400877591e-01,8.022840188938503161e+02,1.624753658506110311e+06,2.921686972290448228e-02,2.223655657219365622e+01,1.651028912370136368e+02,4.460994516589481762e+00
0.000000000000000000e+00,7.500000000000000000e-01,2.999999999999999889e-01,2.127218019698066120e-01,2.790198970313044336e-05,4.821331527144951945e-01,6.380739920983751290e+02,1.306664528440844500e+06,1.533397149505990979e-02,2.479898192852318317e+01,3.564877711245504770e+02,9.572930610964650811e+00
0.000000000000000000e+00,7.500000000000000000e-01,5.500000000000000444e-01,2.738717858997791188e-01,2.167204448860201321e-05,5.452339365420151296e-01,6.995738642142463277e+02,1.824917028137251036e+06,1.897583802530281374e-02,3.227078775641947317e+01,3.963530651474789011e+02,8.033525018681295649e+00
0.000000000000000000e+00,7.500000000000000000e-01,8.000000000000000444e-01,2.972091591170426539e-01,1.997031836376051854e-05,5.452339365420151296e-01,7.405174850045095809e+02,2.250517242900457233e+06,2.152389079078493445e-02,3.813310367167510151e+01,4.250372553659082655e+02,7.198028842968490437e+00
0.000000000000000000e+00,7.500000000000000000e-01,9.000000000000000222e-01,3.024982181037099704e-01,1.962114542492277261e-05,5.452339365420151296e-01,7.550200268024694878e+02,2.419115303890612442e+06,2.245540592368634389e-02,4.040116735371508128e+01,4.354787522395748738e+02,6.927890693851828985e+00
0.000000000000000000e+00,7.500000000000000000e-01,1.000000000000000000e+00,3.062969017799405669e-01,1.937780465196206619e-05,5.452339365420151296e-01,7.685778085284748613e+02,2.587000846498813014e+06,2.335184733591758738e-02,4.263156627129751541e+01,4.454577640527897415e+02,6.685282596586403336e+00
1.000000000000000000e+04,7.500000000000000000e-01,2.999999999999999889e-01,2.451755163257514913e-01,2.336155119171805328e-05,4.741186166622631259e-01,6.214752508869239591e+02,1.043833218642536551e+06,1.583060065217878343e-02,1.977778381159492582e+01,2.662723669997556613e+02,8.902231405473711945e+00
1.000000000000000000e+04,7.500000000000000000e-01,5.500000000000000444e-01,2.898429861124532936e-01,1.976132130165717823e-05,4.741186166622631259e-01,6.782722152724601301e+02,1.430333336540726013e+06,1.910458737854607569e-02,2.541517441766416141e+01,2.947096632635359583e+02,7.528759721383043946e+00
1.000000000000000000e+04,7.500000000000000000e-01,8.000000000000000444e-01,3.081026090291446029e-01,1.859017161084197832e-05,4.741186166622631259e-01,7.215026158544867485e+02,1.797289199948346242e+06,2.176247840392624838e-02,3.052931925518378264e+01,3.183876671567441008e+02,6.670500701473914162e+00
1.000000000000000000e+04,7.500000000000000000e-01,9.000000000000000222e-01,3.115706775496789871e-01,1.838324588387072543e-05,4.741186166622631259e-01,7.364924022939816268e+02,1.940069238528600428e+06,2.278229184317663233e-02,3.244287867197452613e+01,3.269617617088999282e+02,6.412456879199253557e+00
1.000000000000000000e+04,7.500000000000000000e-01,1.000000000000000000e+00,3.134416625358316666e-01,1.827351325685741784e-05,4.741186166622631259e-01,7.511717803719418498e+02,2.081245235217137262e+06,2.381317405810595006e-02,3.428126612048717448e+01,3.350550568330029932e+02,6.188593420514718169e+00
2.000000000000000000e+04,7.500000000000000000e-01,2.999999999999999889e-01,2.620720929512028730e-01,2.103309097991590249e-05,3.974228220240764720e-01,5.957553439968052089e+02,7.788756418796989601e+05,1.587807969264877495e-02,1.488141608720735576e+01,1.913080352566780959e+02,8.455261605733980446e+00
2.000000000000000000e+04,7.500000000000000000e-01,5.500000000000000444e-01,3.024796380762324599e-01,1.822332970707409331e-05,3.974228220240764720e-01,6.550731249879448796e+02,1.095418869312144583e+06,1.916039347724194167e-02,1.958862177554657791e+01,2.141437145920814658e+02,7.040555399874658171e+00
2.000000000000000000e+04,7.500000000000000000e-01,8.000000000000000444e-01,3.147777302575293645e-01,1.751136006295596809e-05,3.974228220240764720e-01,7.004327904727981604e+02,1.398594156720188214e+06,2.201954479960666414e-02,2.382425946428215724e+01,2.329743160717518151e+02,6.192390071387198880e+00
2.000000000000000000e+04,7.500000000000000000e-01,9.000000000000000222e-01,3.159981942726700632e-01,1.744372681314515278e-05,3.974228220240764720e-01,7.163461507005424664e+02,1.514111270705910167e+06,2.320350474801723822e-02,2.533646847776126521e+01,2.396895197929422352e+02,5.958050272957256865e+00
2.000000000000000000e+04,7.500000000000000000e-01,1.000000000000000000e+00,3.160312824738101267e-01,1.744190047007902652e-05,3.974228220240764720e-01,7.317591844099191576e+02,1.630937717153360369e+06,2.432563966719302959e-02,2.685019330227893164e+01,2.462517857833745438e+02,5.745537633506820008e+00
2.500000000000000000e+04,7.500000000000000000e-01,2.999999999999999889e-01,2.692304844082279991e-01,2.006166866904973977e-05,3.578617316358562728e-01,5.823614804871331216e+02,6.657861900274344953e+05,1.587724317302292507e-02,1.278184509755399212e+01,1.604910437135331165e+02,8.235105241373332774e+00
2.500000000000000000e+04,7.500000000000000000e-01,5.500000000000000444e-01,3.069258114386211878e-01,1.759777956923562614e-05,3.578617316358562728e-01,6.426402667493704257e+02,9.488084573317077011e+05,1.916206494946966210e-02,1.703172331617903623e+01,1.806521935685663038e+02,6.801340679480627038e+00
2.500000000000000000e+04,7.500000000000000000e-01,8.000000000000000444e-01,3.163666913061825015e-01,1.707263413700620651e-05,3.578617316358562728e-01,6.886755506211503643e+02,1.217293559325405862e+06,2.217924509668010857e-02,2.076462529995532691e+01,1.971541195160509403e+02,5.983390938242806101e+00
2.500000000000000000e+04,7.500000000000000000e-01,9.000000000000000222e-01,3.166305121498691477e-01,1.705840898633642730e-05,3.578617316358562728e-01,7.053252754764155270e+02,1.322858360302436864e+06,2.335821756205624586e-02,2.216264914215614112e+01,2.032015096352089643e+02,5.743569791638829969e+00
2.500000000000000000e+04,7.500000000000000000e-01,1.000000000000000000e+00,3.148316734605353662e-01,1.715587480267510072e-05,3.578617316358562728e-01,7.220577073390489886e+02,1.429867578004916664e+06,2.458095050465104736e-02,2.353393416416993489e+01,2.089669193443806421e+02,5.530818339972048747e+00
3.000000000000000000e+04,7.500000000000000000e-01,2.999999999999999889e-01,2.754233312227754027e-01,1.919921216310277738e-05,3.184638786811980760e-01,5.682711258464161119e+02,5.639665651458350476e+05,1.588400391958444402e-02,1.088102821412561028e+01,1.335806337893098430e+02,8.029384787445588145e+00
3.000000000000000000e+04,7.500000000000000000e-01,5.500000000000000444e-01,3.103328049106394704e-01,1.703948434435493395e-05,3.184638786811980760e-01,6.291847694318231561e+02,8.140755325590069406e+05,1.916458218740502498e-02,1.467388263647430513e+01,1.512112469376523336e+02,6.579204951989066075e+00
3.000000000000000000e+04,7.500000000000000000e-01,8.000000000000000444e-01,3.169454118947477861e-01,1.668398018195834054e-05,3.184638786811980760e-01,6.764007973699056038e+02,1.051761282332072267e+06,2.227244992442551849e-02,1.798236963440504965e+01,1.656315863786677482e+02,5.774556022460529903e+00
3.000000000000000000e+04,7.500000000000000000e-01,9.000000000000000222e-01,3.153048911366217455e-01,1.677078637046369708e-05,3.184638786811980760e-01,6.943981274479389185e+02,1.147186214286112692e+06,2.354714044187751487e-02,1.923459387460239611e+01,1.709033337697551360e+02,5.535098098616989759e+00
3.000000000000000000e+04,7.500000000000000000e-01,1.000000000000000000e+00,3.121156306885868315e-01,1.694215364718662620e-05,3.184638786811980760e-01,7.125587496646845693e+02,1.244284666749756550e+06,2.483042687306721494e-02,2.047432953592313609e+01,1.759517199611532305e+02,5.320747260337602924e+00
3.500000000000000000e+04,7.500000000000000000e-01,2.999999999999999889e-01,2.948826314867194487e-01,1.753961473423269101e-05,3.473451238632255245e-01,5.736039663943620326e+02,5.369684138522061985e+05,1.692314701911519503e-02,1.017621941969158250e+01,1.150089908047752516e+02,7.312466871986812222e+00
3.500000000000000000e+04,7.500000000000000000e-01,5.500000000000000444e-01,3.164764121922054585e-01,1.634285383945956852e-05,3.473451238632209170e-01,6.414990637902336630e+02,8.022408411145574646e+05,2.087845018669923225e-02,1.409024725306052694e+01,1.322841081814234769e+02,5.905158588019579824e+00
3.500000000000000000e+04,7.500000000000000000e-01,8.000000000000000444e-01,3.060191024921342096e-01,1.690132317222489493e-05,3.473451238632175864e-01,7.056159463844152242e+02,1.078635546562986681e+06,2.491005924739760416e-02,1.776487754489191673e+01,1.462328800376743345e+02,5.054348453807790520e+00
3.500000000000000000e+04,7.500000000000000000e-01,9.000000000000000222e-01,2.924480710649884352e-01,1.768562784243638683e-05,3.473451238632246918e-01,7.411968133450761798e+02,1.205780741779162083e+06,2.705588209715144993e-02,1.925429313179070689e+01,1.502877796990531181e+02,4.740909314565332267e+00
1.000000000000000000e+04,8.499999999999999778e-01,2.999999999999999889e-01,2.510287859480536676e-01,2.585907057563467245e-05,4.549503636331682088e-01,6.340449932951213441e+02,1.118159913876449224e+06,1.574600303494209583e-02,2.111995220386998184e+01,2.902744949568471498e+02,9.108821890754370543e+00
1.000000000000000000e+04,8.499999999999999778e-01,5.500000000000000444e-01,3.012210698043914503e-01,2.155018935614965873e-05,4.549503636331682088e-01,6.886329134850404898e+02,1.509226264251976972e+06,1.897467122541917489e-02,2.677741294734142841e+01,3.176016648729046210e+02,7.723660421770985884e+00
1.000000000000000000e+04,8.499999999999999778e-01,8.000000000000000444e-01,3.228512988588218002e-01,2.010638060088830995e-05,4.549503636331682088e-01,7.304118142526243673e+02,1.878037020101582399e+06,2.163627957144328290e-02,3.186914391248458500e+01,3.410990417463943913e+02,6.872174267739569409e+00
1.000000000000000000e+04,8.499999999999999778e-01,9.000000000000000222e-01,3.273539153615643849e-01,1.982982572600926888e-05,4.549503636331682088e-01,7.447639534356864033e+02,2.022733725619946606e+06,2.262898157250967102e-02,3.380846811652160966e+01,3.495686233053966134e+02,6.604865696396477581e+00
1.000000000000000000e+04,8.499999999999999778e-01,1.000000000000000000e+00,3.303204485768549969e-01,1.965173854756459531e-05,4.549503636331682088e-01,7.583437764206756810e+02,2.164570636254829355e+06,2.362337198994717696e-02,3.566056210071577226e+01,3.575710236260716215e+02,6.374944067013292859e+00
2.000000000000000000e+04,8.499999999999999778e-01,2.999999999999999889e-01,2.705607386047993446e-01,2.308961885280509313e-05,3.832773469458899407e-01,6.071760762479325422e+02,8.312421415553891566e+05,1.579498519689698927e-02,1.583787920475378641e+01,2.076960148611025261e+02,8.645299884853610450e+00
2.000000000000000000e+04,8.499999999999999778e-01,5.500000000000000444e-01,3.163236459295579728e-01,1.974921701651548270e-05,3.832773469458899407e-01,6.645615061012871365e+02,1.152660009925702121e+06,1.906224192707484111e-02,2.057864737554693235e+01,2.302268848935230494e+02,7.228559417493682915e+00
2.000000000000000000e+04,8.499999999999999778e-01,8.000000000000000444e-01,3.318753008901724755e-01,1.882376999481987059e-05,3.832773469458899407e-01,7.078663570394994622e+02,1.459294174901263788e+06,2.188965309941656376e-02,2.484482524844517215e+01,2.488992473954382945e+02,6.368383725120366101e+00
2.000000000000000000e+04,8.499999999999999778e-01,9.000000000000000222e-01,3.339738708950266144e-01,1.870548828917763389e-05,3.832773469458899407e-01,7.236124691956293873e+02,1.577718340233027702e+06,2.302823676170421760e-02,2.640153050950907598e+01,2.556389337517857996e+02,6.121680585243929329e+00
2.000000000000000000e+04,8.499999999999999778e-01,1.000000000000000000e+00,3.348254599146349708e-01,1.865791308854164343e-05,3.832773469458899407e-01,7.382918981295448475e+02,1.694244748379316181e+06,2.415349899419569693e-02,2.789724024641888178e+01,2.622790526282458927e+02,5.914916836834705371e+00
2.500000000000000000e+04,8.499999999999999778e-01,2.999999999999999889e-01,2.794552916018465671e-01,2.190466475654050289e-05,3.481684078720131970e-01,5.938670755102189105e+02,7.119956827531603631e+05,1.582344829361174640e-02,1.362420513460443061e+01,1.741111023469698011e+02,8.399394740046917107e+00
2.500000000000000000e+04,8.499999999999999778e-01,5.500000000000000444e-01,3.221820560925125476e-01,1.899973745037496166e-05,3.481684078720131970e-01,6.524169549326293236e+02,1.001099800880182418e+06,1.912529736275926304e-02,1.792489141552173137e+01,1.942319770276400845e+02,6.969825174360518183e+00
2.500000000000000000e+04,8.499999999999999778e-01,8.000000000000000444e-01,3.344539653175136462e-01,1.830259202090307705e-05,3.481684078720131970e-01,6.969062596385082315e+02,1.276107994996211957e+06,2.209547711403666431e-02,2.173970481637530838e+01,2.107342905549585339e+02,6.129616406204914547e+00
2.500000000000000000e+04,8.499999999999999778e-01,9.000000000000000222e-01,3.355183617504981508e-01,1.824452898804913479e-05,3.481684078720131970e-01,7.129191176459423787e+02,1.382534474142112769e+06,2.328420144794363447e-02,2.313493363172450401e+01,2.168974724336393933e+02,5.895580466411536769e+00
2.500000000000000000e+04,8.499999999999999778e-01,1.000000000000000000e+00,3.353068191550076516e-01,1.825603932662607501e-05,3.481684078720131970e-01,7.285717209491687072e+02,1.490478892680051038e+06,2.440966429342791150e-02,2.453574202527221004e+01,2.229437384722805007e+02,5.683141867520927981e+00
3.000000000000000000e+04,8.499999999999999778e-01,2.999999999999999889e-01,2.869970486506786544e-01,2.088162855715498272e-05,3.109159939138281259e-01,5.794802008796600603e+02,6.029025914786183275e+05,1.582697651978869774e-02,1.159566887991751472e+01,1.447495848369732130e+02,8.181341029476326909e+00
3.000000000000000000e+04,8.499999999999999778e-01,5.500000000000000444e-01,3.265030886781462582e-01,1.835500482150364922e-05,3.109159939138175788e-01,6.388422525132881447e+02,8.592826409422772704e+05,1.914763188712011524e-02,1.544579495696162219e+01,1.624183529113695101e+02,6.734093788721443374e+00
3.000000000000000000e+04,8.499999999999999778e-01,8.000000000000000444e-01,3.358115009187388478e-01,1.784621953246745253e-05,3.109159939138408379e-01,6.843190862217832091e+02,1.101927778787979158e+06,2.224092501590429344e-02,1.880578707695813279e+01,1.769745059155001741e+02,5.921556868895716974e+00
3.000000000000000000e+04,8.499999999999999778e-01,9.000000000000000222e-01,3.358126223206761019e-01,1.784615993737237195e-05,3.109159939138133044e-01,7.012300382780434802e+02,1.198796656413752586e+06,2.341872720427489937e-02,2.009241524367593712e+01,1.825039235421830597e+02,5.680741351333386646e+00
3.000000000000000000e+04,8.499999999999999778e-01,1.000000000000000000e+00,3.333640521868289075e-01,1.797724058011071805e-05,3.109159939138785855e-01,7.184281779642320771e+02,1.296856727196552558e+06,2.467641797793367064e-02,2.134268499431559363e+01,1.876944873144372536e+02,5.468253921208346746e+00
3.500000000000000000e+04,8.499999999999999778e-01,2.999999999999999889e-01,3.127972912269881278e-01,1.873975557198556731e-05,3.587811722584910989e-01,5.890582296905784006e+02,5.897105578260774491e+05,1.715631302088481761e-02,1.107786169934345111e+01,1.254564765354693208e+02,7.329553938149873105e+00
3.500000000000000000e+04,8.499999999999999778e-01,5.500000000000000444e-01,3.356883330947592059e-01,1.746186627081338063e-05,3.587811709699788021e-01,6.567278920058845415e+02,8.752589017154816538e+05,2.133414056302440978e-02,1.521853745041380179e+01,1.434386673719234011e+02,5.932309148352771011e+00
3.500000000000000000e+04,8.499999999999999778e-01,8.000000000000000444e-01,3.266896065992780374e-01,1.794285665280757102e-05,3.587811722584897667e-01,7.196401107238425539e+02,1.171062478903696872e+06,2.537384096715848344e-02,1.912449978323754962e+01,1.585283607025693584e+02,5.096793444959605957e+00
3.500000000000000000e+04,8.499999999999999778e-01,9.000000000000000222e-01,3.129362091838751581e-01,1.873143666071795733e-05,3.587811722584877683e-01,7.556230947853447333e+02,1.304330790803166572e+06,2.760456866340995144e-02,2.064559272592180150e+01,1.628448106792013448e+02,4.801378023089205804e+00
