Mach,alt_ft,PC,T3_K,P3_Pa,FAR,mdot_air3_kg_s,EINOX,EICO,EIUHC
0.2,0.0,0.3,584.2461266768144,968139.2949511517,0.015262783471757604,18.754260239348785,7.606888519692933,8.215510487287645,0.09649703554565643
0.2,0.0,0.55,650.2306043631596,1411873.3114685302,0.01894808584781024,25.35631632564242,20.916777870068728,3.8372503237770763,0.05455617405869462
0.2,0.0,0.8,702.8970331990248,1853438.2686333184,0.02198174263376331,31.564657406009825,23.082785027199286,2.315348114150137,0.015598423589287987
0.2,0.0,0.9,721.5318182932598,2030603.0713812185,0.02307099435676816,33.982603658801715,21.918719987839317,2.003951449729385,0.015447584147450923
0.2,0.0,1.0,738.9384912929016,2208752.124553716,0.024136036036707293,36.36971307918692,20.95510107947103,1.8149835061457977,0.015443792113848808
0.2,5000.0,0.3,573.893219741217,852285.521978698,0.015336165151471272,16.553504029122283,7.183135621840051,9.32794680986276,0.10843832365374145
0.2,5000.0,0.55,641.9711207251036,1262385.4740730124,0.01900524845139932,22.71262716214204,19.874294085353043,4.263780778719421,0.059904818215882324
0.2,5000.0,0.8,695.7281001896384,1668360.649195583,0.02207320546567143,28.43871299147751,22.252480873051415,2.583269973384049,0.05680793906578472
0.2,5000.0,0.9,714.5536810359557,1832052.9560300729,0.02319873708609788,30.672947476915756,21.133419789956825,2.244322384327984,0.017184755198501482
0.2,5000.0,1.0,732.0410683285174,1994826.3014105528,0.024317892423616417,32.84117286328115,20.18090782704302,2.0451933801457187,0.016975673940412692
0.2,10000.0,0.3,564.0294174603335,748902.6887150013,0.015425308204691733,14.577651699706635,6.7880437933940545,10.585377036903097,0.12010394672329766
0.2,10000.0,0.55,633.0316204831303,1121963.7319412294,0.019074571047351482,20.223760219731528,18.78548781622463,4.760310187760374,0.06611773803237485
0.2,10000.0,0.8,688.1500047411041,1495256.7865460585,0.022180586313599263,25.509413940463176,21.401603782639256,2.888998931532782,0.062247237521477664
0.2,10000.0,0.9,707.1328141235156,1644708.721834243,0.023351953049775998,27.54346360511724,20.32328071175719,2.523147283007532,0.019262801894689777
0.2,10000.0,1.0,725.335104256769,1796579.0907121894,0.02449444906602517,29.57215117537698,19.50942511585733,2.305576518476058,0.018771153196143593
0.3,0.0,0.3,593.1074978352484,1021629.865197084,0.015498461226486468,19.65353632780843,8.650350387517529,7.426678363524799,0.08694175695256598
0.3,0.0,0.55,657.172062556382,1466809.6457344084,0.01906178277013385,26.24700049793025,21.700118904229093,3.625047984930451,0.05372140102818022
0.3,0.0,0.8,707.4975005428834,1901556.4524586475,0.021974544490019628,32.345733957011404,23.50548244340248,2.2334099173035136,0.015446371957539862
0.3,0.0,0.9,725.3445973489149,2074751.2835170035,0.02302793128150516,34.70293250093243,22.339442720402193,1.9450277910776674,0.01533809676667914
0.3,0.0,1.0,741.9895110354095,2248008.034061837,0.02405554686971267,37.019098615442886,21.362197095123445,1.768427044091145,0.015360935227301444
0.3,5000.0,0.3,582.8402114076259,900325.6462607281,0.01556104014763314,17.367379080129492,8.142145726385003,8.433581721175644,0.09742770240271867
0.3,5000.0,0.55,648.5505149918383,1309562.5362316703,0.019124522350577457,23.47624561125318,20.60254646073385,4.040032693912231,0.05899304826135687
0.3,5000.0,0.8,700.1239974750616,1710329.566532903,0.02206853113036703,29.120320932609022,22.630472891612264,2.497551832018604,0.017397535404865324
0.3,5000.0,0.9,718.1642320609404,1870502.1375076007,0.02315797228249783,31.300902950776255,21.506002316881244,2.1824988728608083,0.017049846148481682
0.3,5000.0,1.0,734.9669522248989,2029080.6148093287,0.024240822434089457,33.40769101033568,20.540592631695958,1.9954706561606554,0.016884197388478697
0.3,10000.0,0.3,572.7009706918712,790401.1110614552,0.015618399139202764,15.289361140962248,7.608022276541923,9.621908858035393,0.10870174571927024
0.3,10000.0,0.55,639.4767160904283,1163425.858600408,0.019180126593416363,20.899733861720755,19.47069261930906,4.519286442561271,0.06513263546950554
0.3,10000.0,0.8,692.2847247656665,1531377.2985965451,0.022175982937006383,26.097211760463946,21.739215792819728,2.799909392260077,0.06184486902008127
0.3,10000.0,0.9,710.5246429797642,1677475.0257321044,0.023311889942797513,28.0794866339266,20.65339254999456,2.458685394756689,0.019110274791675937
0.3,10000.0,1.0,727.9171101090299,1824687.9888449383,0.024426539531577977,30.036876996594447,19.801684531726167,2.2556677144993698,0.018671945207510508
0.3,15000.0,0.3,561.4006354186379,686573.7473195739,0.015656504091496316,13.327809432654147,6.9635331217531125,11.15606575135307,0.12182173551631938
0.3,15000.0,0.55,629.4608972563909,1023047.1426913916,0.019199902986456015,18.43036778128535,18.21823446458447,5.111734760263032,0.07263922589657307
0.3,15000.0,0.8,682.8820800636753,1356065.9261668555,0.02221697225857733,23.1586613770413,20.896975399493392,3.1780624953414525,0.0680859982477053
0.3,15000.0,0.9,701.5692548318575,1488967.3025263376,0.02338828774274023,24.96203831209113,19.93704883995517,2.7962226445745224,0.02162218988399983
0.3,15000.0,1.0,720.1474806970538,1624455.6701280116,0.024630887892698152,26.73529220275769,19.06879245058329,2.575261152849612,0.0208231523173591
0.4,0.0,0.3,602.6852862840249,1081250.650179328,0.015652161444533953,20.6796249384927,9.58287795765963,6.763958509293778,0.0808529100168922
0.4,0.0,0.55,664.8421508255688,1528552.351271737,0.01911037263119056,27.27004509746624,22.52410666853857,3.416072377794086,0.05298291126239069
0.4,0.0,0.8,712.9131794543192,1959978.418648464,0.021910579473073344,33.3144914667279,24.155429430610976,2.1421455212484015,0.015266357567258786
0.4,0.0,0.9,730.1265037626114,2130756.2997070285,0.022942059148037708,35.62851085687652,22.968796200240238,1.873349816958448,0.01520738020637135
0.4,0.0,1.0,746.10384591311,2300525.9343916145,0.023946921614310057,37.88806930379905,21.933334509329786,1.7083574310241814,0.015263728387308967
0.4,5000.0,0.3,592.2891447987267,952767.8949608961,0.01568542728201922,18.28082560270548,8.93905395531077,7.708152822490676,0.09066877042241864
0.4,5000.0,0.55,655.978769207058,1363797.911776976,0.019180997151139936,24.37450170619224,21.376333464664683,3.8157791334878364,0.05814898476440504
0.4,5000.0,0.8,705.4618348131055,1762575.0798863342,0.022024651889575458,29.98101602022253,23.18894373676444,2.398377503063929,0.017173563897731985
0.4,5000.0,0.9,722.8328272197671,1920223.9555356004,0.023094013961702606,32.11603700984984,22.03046022239009,2.1056244159590003,0.01689400887519131
0.4,5000.0,1.0,739.0244835936683,2076920.068654956,0.02413386179572576,34.19901221208431,21.05865607843877,1.9288200439558818,0.016764930638140944
0.4,10000.0,0.3,581.7029367736175,834899.7143220617,0.015731038849529224,16.06896948997554,8.312048841962191,8.8273624659629,0.10144796472869685
0.4,10000.0,0.55,646.5855970961563,1210004.5864792624,0.019225626681442995,21.675716749252548,20.181828427717146,4.28304601136665,0.0642146499809283
0.4,10000.0,0.8,697.2190354685636,1575210.3998449887,0.022134168662030156,26.82075272166812,22.22750422208244,2.698751149279835,0.0613747114565249
0.4,10000.0,0.9,714.8003772338067,1719780.899875172,0.023229346835599286,28.78152481846673,21.15321954432039,2.3785601415643596,0.01892366841822563
0.4,10000.0,1.0,731.4414347175635,1863303.0001569923,0.02433378338908621,30.67538806368888,20.2141315497927,2.1896216697621425,0.018542812476424083
0.4,15000.0,0.3,570.2181797856525,725037.7616118575,0.015773139837920242,14.003318410588252,7.624009012540788,10.2334044814227,0.11328722557213644
0.4,15000.0,0.55,636.2668814021963,1064695.6180497354,0.019233108546275853,19.13171540135034,18.882049312564757,4.852410002464292,0.07145774384180273
0.4,15000.0,0.8,687.8683647377705,1395866.8826698228,0.022190081053566298,23.8130129306392,21.335666051715748,3.0628823379229946,0.06752225178927067
0.4,15000.0,0.9,705.7973743181734,1526487.2555450029,0.02334676941699832,25.574207345423755,20.31589307712155,2.7082772948183806,0.021395743904955113
0.4,15000.0,1.0,723.5328842743575,1659716.3330675804,0.024541940106696632,27.31804942685099,19.428886118001422,2.500473410769772,0.02065702105511941
0.4,20000.0,0.3,567.1198681642372,660046.2147975853,0.016245717729194552,12.668111707569746,8.205066792355067,10.611177011792867,0.11274443621654391
0.4,20000.0,0.55,624.7602838568731,925668.0825400846,0.0191754844497334,16.705979009645315,17.40716392641232,5.580606345758771,0.08040397879930658
0.4,20000.0,0.8,676.6455062345065,1220342.3197412007,0.02218882502851697,20.88380121322439,20.421316033911452,3.5270027811455296,0.07477168505647952
0.4,20000.0,0.9,695.472011053062,1339121.5555013996,0.023400149151050112,22.483396699485525,19.571291445108713,3.1159736295215152,0.07391683077746347
0.4,20000.0,1.0,714.8899446902576,1460780.2512937477,0.024769018842653336,24.03818699357649,15.17128628322248,43.8586528678521,0.12005888347791896
0.5,0.0,0.3,614.22302860281,1153065.1504417264,0.015774043372419812,21.922023217797783,10.59645828721094,6.114292669937126,0.07611953421558305
0.5,0.0,0.55,673.2859399375799,1598553.9708094092,0.019094384802661585,28.451233139420008,23.421792898008306,3.208431345502958,0.05229368622219094
0.5,0.0,0.8,719.2637040839451,2029645.0575686304,0.02180219371777333,34.48160603869784,25.03451016520469,2.0409650974620304,0.015071541991855902
0.5,0.0,0.9,735.878688464547,2199462.925854611,0.022812120948074523,36.77434120857498,23.832689091013012,1.790098195952007,0.015056654466614902
0.5,0.0,1.0,751.2548118453212,2366516.627858572,0.02381078938976157,38.98021886069578,22.684753376483105,1.636567318519809,0.015156422410801533
0.5,10000.0,0.3,591.9568835873225,886244.6828782905,0.015817135253637163,16.971750899811767,9.056311435734134,8.064940381832553,0.09557957076489723
0.5,10000.0,0.55,654.4545814777471,1262974.50798174,0.01922067798195344,22.571357815393135,20.953202392779314,4.046325718583253,0.06331594651474629
0.5,10000.0,0.8,702.9625173327624,1627487.0006224692,0.022055210474034737,27.692444136274386,22.88088561304233,2.5864213393373676,0.019245100891080925
0.5,10000.0,0.9,720.0502094921342,1771369.1147147375,0.02312640033489225,29.63762741415948,21.7956600535855,2.285283039665588,0.01872530621906818
0.5,10000.0,1.0,735.8751617701605,1912359.4355956889,0.02421699023236208,31.486690257882874,20.755788407808392,2.1096897938505297,0.018389429489354212
0.5,15000.0,0.3,580.1926035636109,769431.274619919,0.01584869563983863,14.789739382362216,8.288129266156387,9.365621815134427,0.10670866027476678
0.5,15000.0,0.55,644.1399603464372,1111995.7341354843,0.019245587346891396,19.929787750264985,19.637629114957225,4.582259378193622,0.07038684206898423
0.5,15000.0,0.8,693.768833669883,1443683.5455071144,0.02213729811606936,24.60380157859071,21.910869093232257,2.933344147811035,0.06690424697969759
0.5,15000.0,0.9,710.9126248791284,1572832.7712658832,0.023284558640749416,26.333211741535614,19.4293036005644,48.7767152189375,0.11958113572250682
0.5,15000.0,1.0,727.6758228205001,1703409.6401000503,0.02443299793693264,28.040282859991542,19.88796142298836,2.412328077587275,0.02046106722416417
0.5,20000.0,0.3,567.2073293053586,660272.0941778078,0.015833110654229765,12.754281827819632,7.362179417237773,11.090140184155754,0.12195324112414846
0.5,20000.0,0.55,632.2650005353908,967300.235870796,0.019176033549689508,17.41642692912535,18.10627273619247,5.278941930529237,0.0789844559296515
0.5,20000.0,0.8,682.3907801316668,1262069.66585,0.022171754836147427,21.567801055391698,20.894490439638698,3.3807891581442138,0.07402966745879168
0.5,20000.0,0.9,700.300841125296,1379434.3928816367,0.023345895044553675,23.14458722035144,20.00286963447582,3.002292169311656,0.024116447448438588
0.5,20000.0,1.0,718.5305914171797,1498380.029847907,0.024673468783782484,24.659282475173885,19.026203506635763,2.7937588479713567,0.022949504752305363
0.5,25000.0,0.3,564.3979188272675,599669.1101726126,0.016296149555639825,11.511457989477831,7.85049793729607,11.5129308517045,0.12341642747119513
0.5,25000.0,0.55,620.2549779278556,836477.0185387182,0.019138862313725427,15.125038041750164,16.56646244531778,6.102585234617445,0.08933339063833952
0.5,25000.0,0.8,671.2238415225805,1098991.348125486,0.022200833517581283,18.83283074907987,19.913490851269202,3.8988654221796413,0.08231572394699457
0.5,25000.0,0.9,690.6084333076305,1205147.53955955,0.023556571575137183,20.224612729264127,19.03632945477162,3.466446007844719,0.08104770011553289
0.5,25000.0,1.0,711.5731107573029,1319604.2828144315,0.024856146078325207,21.71313182135497,18.487408903105145,3.209393523760337,0.025888313161253167
0.6,0.0,0.3,626.4726084010017,1232792.926301581,0.01581876250937101,23.32138388052072,11.488911516034687,5.545888006809353,0.0726965934169179
0.6,0.0,0.55,683.4191220811466,1682542.1056335869,0.01908739216537799,29.856452998911248,24.544847861368943,2.9762557273344044,0.05165576948417401
0.6,0.0,0.8,727.2103382998685,2110639.214093655,0.0217173588954042,35.81429445938891,26.05335589861515,1.9251090271528275,0.01494599316551332
0.6,0.0,0.9,742.6314787290314,2281064.216465894,0.022658275580651515,38.13547260066039,24.90623288556337,1.6972496532046413,0.014901849198834525
0.6,0.0,1.0,757.4484511209852,2446997.6205825326,0.02364689742612523,40.31250274390043,23.643549428508294,1.554391669190272,0.01504120545278803
0.6,10000.0,0.3,603.3108884231322,944455.8917259402,0.015863774539493457,18.000687680466076,9.800611850972418,7.354772911253885,0.09102834205885037
0.6,10000.0,0.55,663.1184782230692,1322573.7207985483,0.0191809198624449,23.586034055496857,21.8086358607641,3.807499195462278,0.062454472727660845
0.6,10000.0,0.8,709.4877941136466,1688350.172796322,0.02194085411039745,28.714561587553057,23.607542040420743,53.47810441825789,0.1233435235761836
0.6,10000.0,0.9,726.0877069986326,1831907.9553833487,0.023001418047062183,30.64410039028836,22.585209918007106,2.182369536377769,0.01851008028470334
0.6,10000.0,1.0,741.3050140856772,1971616.3770627596,0.024073802720824863,32.46701303003182,21.456212644930474,2.0178567572036976,0.018234382722747203
0.6,15000.0,0.3,591.1886647808304,819519.8217381979,0.015886242552782898,15.681490744267911,8.950756300113289,8.55802030074533,0.10160460242854766
0.6,15000.0,0.55,652.6311842392197,1164190.418740489,0.019220149811804952,20.817727908196492,20.448152269590903,4.317142165503791,0.06937314701833704
0.6,15000.0,0.8,700.2127043820734,1497446.8297570075,0.022055281100796804,25.4990741736992,22.612252696547586,2.7985837441411303,0.021736176869979494
0.6,15000.0,0.9,716.7627371990935,1625914.5173902037,0.023189598382196246,27.208532550648684,21.460489967358296,2.4929230578343335,0.02088170055010759
0.6,15000.0,1.0,732.5369494307862,1754241.14291138,0.024305044306802075,28.880742303197763,20.454546371771897,2.314912416283574,0.020260129460804414
0.6,20000.0,0.3,578.3595689990824,704810.6495727791,0.01589608832940434,13.546519002900544,8.043407938750928,10.077666393250155,0.11474020170921789
0.6,20000.0,0.55,641.0377273605402,1015259.2655843318,0.019193366660001092,18.22604782912666,18.945092208128596,4.9533712537376005,0.07767024566113548
0.6,20000.0,0.8,689.3250604365861,1312926.9419131095,0.02214568176112767,22.400711159141135,21.490940607775485,3.214516297890163,0.07324570776343774
0.6,20000.0,0.9,706.3360550690007,1429242.3466370716,0.02331287264709037,23.950680692436787,20.492171435562422,2.870587965107549,0.02374577242604213
0.6,20000.0,1.0,723.2517350412937,1546500.128645499,0.02454944751081288,25.454376072866594,19.517690755591982,2.6776556477028133,0.02266295728054378
0.6,25000.0,0.3,565.2269394095536,601770.1255089344,0.015880920026202706,11.623777800113237,7.085708334162509,11.98670273544459,0.13260239422062545
0.6,25000.0,0.55,628.5591951077461,877685.9199090588,0.019149088352824944,15.826848458341638,17.338363209544422,5.738604610109462,0.08763868648249881
0.6,25000.0,0.8,677.5900354787364,1141469.2174915427,0.0221984078069342,19.52671497675316,20.407731171714637,3.7195149827340193,0.08135456742172477
0.6,25000.0,0.9,695.7012799883361,1246282.0559419757,0.023477529952584217,20.905192204442734,19.50760749776185,3.326070627069341,0.08014146381150938
0.6,25000.0,1.0,713.9537936821756,1352598.3361954775,0.024793703381855527,22.257421887595918,18.698850133359272,3.115987126382692,0.025464717476534837
0.6,30000.0,0.3,551.4722875168419,509195.5140992604,0.0158723286446522,9.886344029709097,6.142972206118526,14.371681349708957,0.15703571497660584
0.6,30000.0,0.55,615.3240199909285,751806.8621623054,0.01911469532820748,13.619544089685826,15.658409355870841,6.711194220501157,0.09946718036954047
0.6,30000.0,0.8,665.6177814903675,984267.7554532777,0.022289306276196463,16.875537885698538,19.25994879302984,4.32871237005952,0.09080051054813884
0.6,30000.0,0.9,685.1159332277989,1078577.820680986,0.023650355988822046,18.107876982779263,18.58488443141229,3.8767385632175917,0.08884002034081202
0.6,30000.0,1.0,708.4439648217502,1187000.2029088675,0.024938309942257923,19.529612529647856,14.88425883557472,45.54558713865009,0.16854277118099667
0.7,0.0,0.3,639.9913900091516,1324267.1468122024,0.0158472552126858,24.923615818204308,12.477297068178379,4.996154311736241,0.06964318191733583
0.7,0.0,0.55,694.3296933600752,1777202.505799253,0.019040957952538625,31.450743371542423,25.79984636218607,2.745990389069267,0.051053265317128595
0.7,0.0,0.8,736.1444640858008,2203837.4934715685,0.021615608729676532,37.3476636214206,27.281538779047448,1.8020115167746886,0.01483113131008346
0.7,0.0,0.9,751.0017740541451,2373874.0059758546,0.022550219914390063,39.646292099235936,26.06934370877624,1.5958371957187651,0.014841504529805672
0.7,0.0,1.0,764.742822863543,2541815.909906604,0.02345359519255636,41.882693879455246,24.86838336256961,1.4637666722319909,0.015166587602639777
0.7,10000.0,0.3,615.3097904871214,1009045.715844462,0.01585529442171721,19.152939189433532,10.470856086478847,6.720093620937216,0.08768046290853021
0.7,10000.0,0.55,673.1628306772748,1392877.1246276277,0.019146243142386447,24.774833323158,22.843392749528032,3.547941612142536,0.06160807446339913
0.7,10000.0,0.8,717.1617856568278,1759440.0015734488,0.02181382581416594,29.90440942985335,24.714945993235872,2.331364675519372,0.018643332212027606
0.7,10000.0,0.9,732.8777795588387,1901830.9426204448,0.022865363435037762,31.80458540029616,23.509130390113796,2.071786578647198,0.018279117752221012
0.7,10000.0,1.0,747.7410185109823,2042518.8475274316,0.023903861226708383,33.640319134048134,22.339898733039295,1.9150449302389947,0.018071619119188267
0.7,20000.0,0.3,590.0130563762776,753766.3622010102,0.015901727547805874,14.425887901939912,8.660922613724821,9.190097228276848,0.1095759892268974
0.7,20000.0,0.55,650.4575170118334,1068551.5850897653,0.01918992251324144,19.127916179553644,19.854963727569796,4.632548739669524,0.07639999900821028
0.7,20000.0,0.8,696.7965870229145,1369826.580260775,0.022080893010525782,23.340959650462356,22.22543816365838,3.044925343657754,0.07242645833279229
0.7,20000.0,0.9,712.9857567649207,1485291.7040507293,0.02326497420429392,24.85932481454212,21.07607129377107,2.7324524328346245,0.02337292500305011
0.7,20000.0,1.0,728.7530748489261,1601818.8372473847,0.02440476928111169,26.368713679422942,20.124869794047683,2.552137863355673,0.022376456241546647
0.7,25000.0,0.3,576.5276042759625,643490.4830799239,0.01588095635867215,12.379011142364439,7.63550353154318,10.950150264957045,0.125938879120222
0.7,25000.0,0.55,637.8282554214983,923932.427688303,0.019163223825863468,16.6096791842935,18.21598319389681,5.366323982131104,0.0860813976552385
0.7,25000.0,0.8,684.717591020408,1189870.2037379043,0.022196501400735338,20.314965744511564,20.97141063872677,3.5304174512389914,0.08038631084948092
0.7,25000.0,0.9,701.7070686242265,1294818.1013471747,0.02338516605401282,21.70718278019232,20.085605140834623,3.171458347127965,0.026689099751166123
0.7,25000.0,1.0,719.0615637763311,1401513.6718319843,0.024659652387339984,23.065440948151824,19.202094253664423,2.973241550640997,0.02511510052045083
0.7,30000.0,0.3,562.7952794057773,545544.3982230191,0.01590098864736439,10.543668111867946,6.709282084371389,13.067219217145645,0.14691385301663917
0.7,30000.0,0.55,624.6048622580366,793350.7992360501,0.019165884817009576,14.320515736981648,16.546894947583183,6.252862721288401,0.0975892610830176
0.7,30000.0,0.8,672.8079781497763,1029079.4046549224,0.02229178105977008,17.608101563455275,19.80682464535006,4.100712167479406,0.08947042801124748
0.7,30000.0,0.9,691.3938241215775,1124254.0935601017,0.023612443588699805,18.85131432010693,19.048331302580703,3.6889320166289368,0.08763379020728211
0.7,30000.0,1.0,711.244850291366,1225828.4414141,0.024864885683443184,20.16993903716052,18.5776655436368,3.4443651999489013,0.028285687396834375
0.7,32500.0,0.3,577.2865506300956,573253.109247175,0.016997595613737787,10.83787468814021,9.344319643466084,10.716144801712325,0.12556008764283444
0.7,32500.0,0.55,646.4211385106322,858427.8013702858,0.020987032841138634,15.034930159133712,18.746625913880806,5.175796273152474,0.09798438999221415
0.7,32500.0,0.8,710.6888550245579,1154016.9728605386,0.02507705485486853,18.948044352839972,18.4209048731458,3.6880211959155558,0.029972137646212805
0.7,32500.0,0.9,747.0534656895198,1291054.6209536684,0.027285171807992267,20.540690619974484,10.403003149923379,35.408180094953984,0.1532307639166673
0.7,32500.0,1.0,802.2840188938502,1624753.6585061103,0.02921686972290448,22.236556572193656,43.12301711009858,3.191716048325438,0.01587339368877865
0.75,0.0,0.3,638.0739920983751,1306664.5284408445,0.015333971495059908,24.798981928523183,10.553959714850528,5.35154760010728,0.07689631386569745
0.75,0.0,0.55,699.5738642142463,1824917.0281372513,0.01897583802530281,32.27078775641947,26.408156886249152,2.6444557834054327,0.05077757467182907
0.75,0.0,0.8,740.5174850045095,2250517.242900457,0.02152389079078493,38.1331036716751,28.02836733333669,1.7453972266419164,0.01477545031213434
0.75,0.0,0.9,755.0200268024695,2419115.3038906124,0.022455405923686344,40.40116735371508,26.787985909852722,1.548844215515902,0.014811697227787269
0.75,0.0,1.0,768.5778085284749,2587000.846498813,0.023351847335917587,42.63156627129752,25.55314103014509,1.4212781776005128,0.01531598869652305
0.75,10000.0,0.3,621.475250886924,1043833.2186425364,0.015830600652178783,19.777783811594922,10.770082242088144,6.428314410592907,0.08619101838648169
0.75,10000.0,0.55,678.2722152724601,1430333.336540726,0.019104587378546076,25.41517441766416,23.375547267306885,3.424610516539292,0.06118318620227595
0.75,10000.0,0.8,721.5026158544867,1797289.1999483462,0.02176247840392625,30.529319255183783,25.257019016899996,2.261486173725094,0.01854124051248224
0.75,10000.0,0.9,736.4924022939816,1940069.2385286004,0.022782291843176632,32.442878671974526,24.050059041684733,2.0146456890231237,0.018158310255954015
0.75,10000.0,1.0,751.1717803719417,2081245.2352171368,0.023813174058105954,34.281266120487174,22.835192438523887,1.8621607901713597,0.017986260366096216
0.75,20000.0,0.3,595.7553439968052,778875.6418796988,0.015878079692648775,14.881416087207356,8.91228088258764,8.809901406623219,0.10777464643871833
0.75,20000.0,0.55,655.0731249879449,1095418.8693121444,0.01916039347724194,19.588621775546574,20.291168128424196,4.48890885213189,0.07582304590725539
0.75,20000.0,0.8,700.4327904727982,1398594.1567201882,0.022019544799606664,23.82425946428216,22.65204060889977,2.9659187797450293,0.024484178054496885
0.75,20000.0,0.9,716.3461507005425,1514111.27070591,0.02320350474801724,25.336468477761265,21.46031877066861,2.664042321711533,0.023216549363838015
0.75,20000.0,1.0,731.759184409919,1630937.7171533604,0.02432563966719303,26.850193302278928,20.47355863715577,2.4886966370966705,0.022254161232553367
0.75,25000.0,0.3,582.3614804871331,665786.1900274345,0.015877243173022925,12.781845097553992,8.523410807085734,79.19156727872277,1.2155546252668834
0.75,25000.0,0.55,642.6402667493704,948808.4573317075,0.019162064949469666,17.031723316179036,18.675351323861527,5.184949683375449,0.08531342073904853
0.75,25000.0,0.8,688.6755506211504,1217293.5593254059,0.02217924509668011,20.764625299955327,21.31763513592994,3.430456792230225,0.07988751850797463
0.75,25000.0,0.9,705.3252754764155,1322858.3603024369,0.023358217562056242,22.16264914215614,20.391551645301167,3.0872429327200295,0.026451186150871983
0.75,25000.0,1.0,722.057707339049,1429867.5780049167,0.024580950504651047,23.53393416416993,19.511338812238975,2.8946522673560473,0.02493326853783954
0.75,30000.0,0.3,568.2711258464161,563966.565145835,0.015884003919584444,10.88102821412561,6.9378405745367955,12.526135293153853,0.14336523927978884
0.75,30000.0,0.55,629.1847694318232,814075.5325590068,0.019164582187405025,14.673882636474303,16.9674309995893,6.049664300101513,0.0966788743689732
0.75,30000.0,0.8,676.4007973699056,1051761.2823320723,0.02227244992442552,17.98236963440505,20.112478192256027,3.9929775847677647,0.08887658853136365
0.75,30000.0,0.9,694.3981274479389,1147186.2142861127,0.023547140441877515,19.2345938746024,19.35368600021691,3.597520636645366,0.08706676058065964
0.75,30000.0,1.0,712.5587496646846,1244284.6667497563,0.02483042687306721,20.474329535923136,15.272403303432446,44.871028344106875,0.15861516437808848
0.75,35000.0,0.3,573.603966394362,536968.4138522062,0.016923147019115195,10.176219419691583,8.770135753849182,11.494807484013048,0.13546977519454945
0.75,35000.0,0.55,641.4990637902337,802240.8411145575,0.020878450186699232,14.090247253060525,18.178150650311068,5.545252397752363,0.10359205948563929
0.75,35000.0,0.8,705.6159463844152,1078635.5465629867,0.024910059247397604,17.764877544891917,15.029811666807289,46.719783739796746,0.20204510869744033
0.75,35000.0,0.9,741.1968133450762,1205780.741779162,0.027055882097151446,19.254293131790703,10.946416255533274,37.04204312916881,0.17157960267648092
0.8499999999999999,10000.0,0.3,634.0449932951212,1118159.9138764492,0.015746003034942096,21.11995220386998,11.294497450602032,5.890651448025409,0.08323103531202125
0.8499999999999999,10000.0,0.55,688.6329134850405,1509226.2642519767,0.01897467122541917,26.77741294734143,24.462540002930258,3.1912981072589424,0.06036472581185857
0.8499999999999999,10000.0,0.8,730.4118142526244,1878037.0201015824,0.02163627957144328,31.869143912484585,26.489899755279303,48.934143627970165,0.11244612079469725
0.8499999999999999,10000.0,0.9,744.7639534356864,2022733.7256199464,0.02262898157250967,33.80846811652161,25.248242101659258,1.8958095108536879,0.017989114904276092
0.8499999999999999,10000.0,1.0,758.3437764206756,2164570.6362548294,0.023623371989947177,35.660562100715765,23.927599866611803,1.7555246098161643,0.017808772885134723
0.8499999999999999,20000.0,0.3,607.1760762479324,831242.1415553892,0.01579498519689699,15.837879204753786,9.330565060813568,8.132595569017894,0.10506053909488028
0.8499999999999999,20000.0,0.55,664.5615061012871,1152660.009925702,0.01906224192707484,20.57864737554693,21.183719196813872,4.213520337180689,0.07467527790455124
0.8499999999999999,20000.0,0.8,707.8663570394995,1459294.1749012636,0.021889653099416564,24.84482524844517,23.565363823293552,2.8097404617958266,0.024035677661143468
0.8499999999999999,20000.0,0.9,723.6124691956294,1577718.3402330277,0.023028236761704218,26.401530509509076,22.42197428803463,2.5207734156688026,0.0229127650337818
0.8499999999999999,20000.0,1.0,738.2918981295448,1694244.748379316,0.024153498994195697,27.89724024641888,21.27093331712027,2.358155505345945,0.02201719949668902
0.8499999999999999,25000.0,0.3,593.8670755102189,711995.6827531604,0.015823448293611746,13.62420513460443,8.39793517698801,9.607325164663365,0.11854244494370056
0.8499999999999999,25000.0,0.55,652.4169549326293,1001099.8008801824,0.019125297362759263,17.92489141552173,19.603767241061178,4.843285348491828,0.0838409867059012
0.8499999999999999,25000.0,0.8,696.9062596385081,1276107.994996212,0.022095477114036664,21.73970481637531,22.143844748974864,3.2323427779369447,0.07889152029868324
0.8499999999999999,25000.0,0.9,712.9191176459424,1382534.4741421128,0.023284201447943634,23.134933631724504,21.090907616031313,2.9183260716006956,0.026003421294374385
0.8499999999999999,25000.0,1.0,728.5717209491686,1490478.892680051,0.02440966429342791,24.535742025272206,20.220909514427515,2.735778193509305,0.024596967820051722
0.8499999999999999,30000.0,0.3,579.4802008796601,602902.5914786183,0.015826976519788694,11.595668879917515,7.3701999538536835,11.527841089541466,0.1374156049796283
0.8499999999999999,30000.0,0.55,638.8422525132881,859282.6409422772,0.019147631887120115,15.445794956961622,17.86235979003337,5.647799642395241,0.09487440123675805
0.8499999999999999,30000.0,0.8,684.3190862217832,1101927.7787879792,0.022240925015904293,18.80578707695813,20.784246600498463,3.7691699733230593,0.08771460718722263
0.8499999999999999,30000.0,0.9,701.2300382780435,1198796.6564137524,0.023418727204274896,20.092415243675937,20.041691120448323,3.405224978124052,0.02968169328646754
0.8499999999999999,30000.0,1.0,718.4281779642321,1296856.7271965523,0.02467641797793367,21.342684994315597,19.26041698380331,3.205894058252771,0.027592886759448376
0.8499999999999999,35000.0,0.3,589.0582296905784,589710.5578260774,0.017156313020884818,11.077861699343453,10.188063189894239,9.963935979430172,0.12587947808137254
0.8499999999999999,35000.0,0.55,656.7278920058844,875258.9017154817,0.021334140563024406,15.2185374504138,19.30690250069248,4.925238203035363,0.10051301671608867
0.8499999999999999,35000.0,0.8,719.6401107238426,1171062.4789036969,0.025373840967158483,19.12449978323755,14.29687338620875,43.073989624618264,0.17764046273182452
0.8499999999999999,35000.0,0.9,755.6230947853446,1304330.7908031663,0.02760456866340995,20.6455927259218,9.983338043486476,34.00206679270568,0.15554612333785714
